date,Item Id,TARGET
2024-07-01,B09KDR64LT,17.201189
2024-07-01,B09KDTS4DC,5.735999
2024-07-01,B09KDTHJ6V,13.1562395
2024-07-01,B09KDQ2BWY,17.12291
2024-07-01,B09KDYY3SB,1.264941
2024-07-01,B09KDNYCYR,1.264941
2024-07-01,B09KDN7PYR,1.264941
2024-07-01,B09KDLQ2GW,1.264941
2024-07-01,B0BDRTZTGX,1.264941
2024-07-01,B09KDVXTP4,1.264941
2024-07-01,B09KDPXYG3,1.264941
2024-07-01,B09KDW1YKQ,1.264941
2024-07-01,B09MR36MLJ,17.201189
2024-07-01,B09KDZQJ6P,1.264941
2024-07-01,B09MR3Y296,3.2410095
2024-07-01,B09KSXP3HN,17.12291
2024-07-01,B09KT5HMNY,3.8065836
2024-07-01,B09KTF8ZDQ,3.9079883
2024-07-01,B09KTFXX6L,3.9079883
2024-07-01,B09KTJRHC7,3.9079883
2024-07-01,B09KTMKDKJ,3.9079883
2024-07-01,B09KTMLQ1N,3.9079883
2024-07-01,B09MR2FY5D,3.9079883
2024-07-01,B09MR2MLZH,3.9079883
2024-07-01,B09MR4B13C,3.9079883
2024-07-01,B09KDXJJ6W,3.9079883
2024-07-01,B09KSYL73R,3.9079883
2024-07-01,B0B31VFJ6Q,3.9079883
2024-07-01,B09MR4G722,3.9079883
2024-07-01,B09MR3RSW8,3.9079883
2024-07-01,B0B31SM3ZR,3.9079883
2024-07-01,B0B31R1ZBV,3.9079883
2024-07-01,B09X1JTK49,3.9079883
2024-07-01,B09X1HV1NL,3.9079883
2024-07-01,B09X1H629F,3.9079883
2024-07-01,B09X1F1L26,3.9079883
2024-07-01,B09X1F8C23,3.9079883
2024-07-01,B09X1DHRLN,3.9079883
2024-07-01,B09MR5WS3Y,3.9079883
2024-07-01,B09MR56Q9N,3.9079883
2024-07-01,B0B31T1XMH,3.9079883
2024-07-01,B09MR4Z3H8,3.9079883
2024-07-01,B09MR4Z3H9,3.9079883
2024-07-01,B0B31V3PKG,3.9079883
2024-07-01,B0B31VTH56,3.9079883
2024-07-01,B0B31Y1FDZ,3.9079883
2024-07-01,B0B699PLXD,3.9079883
2024-07-01,B0B69B8R3C,3.9079883
2024-07-01,B0B69C4GST,3.9079883
2024-07-01,B0B69DD2C7,3.9079883
2024-07-01,B0B69DK8JN,3.9079883
2024-07-01,B0B69FBGN1,3.9079883
2024-07-01,B0B69G3YRM,3.9079883
2024-07-01,B0B69GN5KJ,3.9079883
2024-07-01,B0B69SF1BT,3.9079883
2024-07-01,B0BDRQWBK9,3.9079883
2024-07-01,B09MR3XT5G,3.9079883
2024-07-01,B09X1FWK8Z,3.9079883
2024-07-01,B0CY5QQ49F,3.9079883
2024-07-01,B0BNKZYHRX,3.9079883
2024-07-01,B0BRCXJ1F6,3.9079883
2024-07-01,B0BGDWGRQB,3.9079883
2024-07-01,B0BGDX2Z3L,3.9079883
2024-07-01,B0BGDXM13S,3.9079883
2024-07-01,B0BGDXV7FD,3.9079883
2024-07-01,B0BGDZLDX2,3.9079883
2024-07-01,B0BNKXC5H1,3.9079883
2024-07-01,B0BNKY8RQN,3.9079883
2024-07-01,B0BNKYZD2Z,3.9079883
2024-07-01,B0BNKZ88Z5,3.9079883
2024-07-01,B0BNKZCWFL,3.9079883
2024-07-01,B0BRCXJRX6,3.9079883
2024-07-01,B0BG2Z8CY4,3.9079883
2024-07-01,B0BNL5BKMK,3.9079883
2024-07-01,B0BNL1CG6X,3.9079883
2024-07-01,B0BRCXCXCV,3.9079883
2024-07-01,B0BRCW79VK,3.9079883
2024-07-01,B0BRCW2B64,3.9079883
2024-07-01,B0BNL7TJRT,3.9079883
2024-07-01,B0BRCXDHBX,3.9079883
2024-07-01,B0BNL4S6MB,3.9079883
2024-07-01,B0BNL3YY1C,3.9079883
2024-07-01,B0BNL3J36Z,3.9079883
2024-07-01,B0BNL4L4K5,3.9079883
2024-07-01,B0BDRS6R5Z,3.9079883
2024-07-01,B0BNL11QD8,3.9079883
2024-07-01,B0BSLTZV4Z,3.9079883
2024-07-01,B0BNKZ9BJR,3.9079883
2024-07-01,B0BG2T78CJ,3.9079883
2024-07-01,B0BRCXQMS5,3.9079883
2024-07-01,B0C9JLKFPZ,3.9079883
2024-07-01,B0BRCXQRC9,3.9079883
2024-07-01,B0BRCXXBG2,3.9079883
2024-07-01,B0BRCY8QMH,3.9079883
2024-07-01,B0BRCYJ33N,3.9079883
2024-07-01,B0BRCYJ4SR,3.9079883
2024-07-01,B0BRCYK4JK,3.9079883
2024-07-01,B0BRCYQNSW,3.9079883
2024-07-01,B0BRCYV77T,3.9079883
2024-07-01,B0BRDCBGFD,1.264941
2024-07-01,B0BRDCJWJC,3.9079883
2024-07-01,B0BSLTV9FL,3.9079883
2024-07-01,B0BSLWJKSX,3.9079883
2024-07-01,B0BG2PD396,3.9079883
2024-07-01,B0CY5LR4VX,3.9079883
2024-07-01,B0CFV6V981,3.9079883
2024-07-01,B0CY5KFQBD,3.9079883
2024-07-01,B0CR4C98FS,3.9079883
2024-07-01,B0CR4C5WXS,3.9079883
2024-07-01,B0CR4BGLK5,3.9079883
2024-07-01,B0CR4BK4FW,3.9079883
2024-07-01,B0CR49NR3B,3.9079883
2024-07-01,B0CR49N6MQ,3.9079883
2024-07-01,B0CR49BQRS,3.9079883
2024-07-01,B0CQVLFPBQ,3.9079883
2024-07-01,B0BRCXP7VN,3.9079883
2024-07-01,B0CR4BG4ZW,3.9079883
2024-07-02,B09KDTHJ6V,3.9079883
2024-07-02,B09KDW1YKQ,3.9079883
2024-07-02,B09KDVXTP4,3.9079883
2024-07-02,B09KDTS4DC,3.9079883
2024-07-02,B09KDR64LT,3.9079883
2024-07-02,B09KDZQJ6P,3.9079883
2024-07-02,B09KDPXYG3,3.9079883
2024-07-02,B09KDNYCYR,3.9079883
2024-07-02,B09KDN7PYR,3.9079883
2024-07-02,B0BDRTZTGX,3.9079883
2024-07-02,B09KDXJJ6W,3.9079883
2024-07-02,B09KDQ2BWY,3.9079883
2024-07-02,B09KDYY3SB,3.9079883
2024-07-02,B09KTJRHC7,3.9079883
2024-07-02,B09MR3Y296,3.9079883
2024-07-02,B09KSYL73R,3.9079883
2024-07-02,B09KT5HMNY,3.9079883
2024-07-02,B09KTF8ZDQ,3.9079883
2024-07-02,B09KTFXX6L,3.9079883
2024-07-02,B09KTMKDKJ,3.9079883
2024-07-02,B09KTMLQ1N,3.9079883
2024-07-02,B09MR2FY5D,3.9079883
2024-07-02,B09MR2MLZH,3.9079883
2024-07-02,B09MR36MLJ,3.9079883
2024-07-02,B09MR3RSW8,3.9079883
2024-07-02,B09MR3XT5G,3.9079883
2024-07-02,B09KSXP3HN,3.9079883
2024-07-02,B09MR4B13C,3.9079883
2024-07-02,B09X1F8C23,3.9079883
2024-07-02,B09MR4Z3H8,3.9079883
2024-07-02,B0B31R1ZBV,3.9079883
2024-07-02,B09X1JTK49,3.9079883
2024-07-02,B09X1HV1NL,3.9079883
2024-07-02,B09X1H629F,3.9079883
2024-07-02,B09X1FWK8Z,3.9079883
2024-07-02,B09X1DHRLN,3.9079883
2024-07-02,B09X1F1L26,3.9079883
2024-07-02,B09MR5WS3Y,3.9079883
2024-07-02,B09MR56Q9N,3.9079883
2024-07-02,B09MR4Z3H9,3.9079883
2024-07-02,B0B31T1XMH,3.9079883
2024-07-02,B0B31SM3ZR,3.9079883
2024-07-02,B09KDLQ2GW,3.9079883
2024-07-02,B0B69SF1BT,3.9079883
2024-07-02,B0B31VFJ6Q,3.9079883
2024-07-02,B0B31VTH56,3.9079883
2024-07-02,B0B31Y1FDZ,3.9079883
2024-07-02,B0B699PLXD,3.9079883
2024-07-02,B0B69B8R3C,3.9079883
2024-07-02,B0B69C4GST,3.9079883
2024-07-02,B0B69DD2C7,3.9079883
2024-07-02,B0B69DK8JN,3.9079883
2024-07-02,B0B69FBGN1,3.9079883
2024-07-02,B0B69G3YRM,3.9079883
2024-07-02,B0B69GN5KJ,3.9079883
2024-07-02,B09MR4G722,3.9079883
2024-07-02,B0B31V3PKG,3.9079883
2024-07-02,B0BDRQWBK9,3.9079883
2024-07-02,B0BG2PD396,3.9079883
2024-07-02,B0BSLWJKSX,3.9079883
2024-07-02,B0BG2T78CJ,3.9079883
2024-07-02,B0BG2Z8CY4,3.9079883
2024-07-02,B0BGDWGRQB,3.9079883
2024-07-02,B0BGDX2Z3L,3.9079883
2024-07-02,B0BGDXM13S,3.9079883
2024-07-02,B0BGDXV7FD,3.9079883
2024-07-02,B0BGDZLDX2,3.9079883
2024-07-02,B0BNKY8RQN,3.9079883
2024-07-02,B0BNKYZD2Z,3.9079883
2024-07-02,B0BNKZ88Z5,3.9079883
2024-07-02,B0BNKZ9BJR,3.9079883
2024-07-02,B0BNKZCWFL,3.9079883
2024-07-02,B0BNKZYHRX,3.9079883
2024-07-02,B0BNKXC5H1,3.9079883
2024-07-02,B0BNL7TJRT,3.9079883
2024-07-02,B0BNL1CG6X,3.9079883
2024-07-02,B0BRCXDHBX,3.9079883
2024-07-02,B0BRCXCXCV,3.9079883
2024-07-02,B0BRCW79VK,3.9079883
2024-07-02,B0BRCW2B64,3.9079883
2024-07-02,B0BRCXJ1F6,3.9079883
2024-07-02,B0BNL5BKMK,3.9079883
2024-07-02,B0BNL4L4K5,3.9079883
2024-07-02,B0BNL3YY1C,3.9079883
2024-07-02,B0BNL3J36Z,3.9079883
2024-07-02,B0BDRS6R5Z,3.9079883
2024-07-02,B0BNL11QD8,3.9079883
2024-07-02,B0BRCXJRX6,3.9079883
2024-07-02,B0BNL4S6MB,3.9079883
2024-07-02,B0BRCXQMS5,3.9079883
2024-07-02,B0CY5QQ49F,3.9079883
2024-07-02,B0BRCXXBG2,3.9079883
2024-07-02,B0BRCY8QMH,3.9079883
2024-07-02,B0BRCYJ33N,3.9079883
2024-07-02,B0BRCYJ4SR,3.9079883
2024-07-02,B0BRCYK4JK,3.9079883
2024-07-02,B0BRCYQNSW,3.9079883
2024-07-02,B0BRCYV77T,3.9079883
2024-07-02,B0BRDCBGFD,3.9079883
2024-07-02,B0BRDCJWJC,3.9079883
2024-07-02,B0BSLTV9FL,3.9079883
2024-07-02,B0BSLTZV4Z,3.9079883
2024-07-02,B0C9JLKFPZ,3.9079883
2024-07-02,B0BRCXQRC9,3.9079883
2024-07-02,B0CFV6V981,3.9079883
2024-07-02,B0BRCXP7VN,3.9079883
2024-07-02,B0CY5LR4VX,3.9079883
2024-07-02,B0CY5KFQBD,3.9079883
2024-07-02,B0CR4C98FS,3.9079883
2024-07-02,B0CR4BK4FW,3.9079883
2024-07-02,B0CR4C5WXS,3.9079883
2024-07-02,B0CR4BG4ZW,3.9079883
2024-07-02,B0CR49NR3B,3.9079883
2024-07-02,B0CR49N6MQ,3.9079883
2024-07-02,B0CR49BQRS,3.9079883
2024-07-02,B0CQVLFPBQ,3.9079883
2024-07-02,B0CR4BGLK5,3.9079883
2024-07-03,B09KDVXTP4,3.9079883
2024-07-03,B09KDXJJ6W,3.9079883
2024-07-03,B09KDW1YKQ,3.9079883
2024-07-03,B09KDTS4DC,3.9079883
2024-07-03,B09KDN7PYR,3.9079883
2024-07-03,B09KDR64LT,3.9079883
2024-07-03,B09KDQ2BWY,3.9079883
2024-07-03,B09KDPXYG3,3.9079883
2024-07-03,B09KDNYCYR,3.9079883
2024-07-03,B09KDTHJ6V,3.9079883
2024-07-03,B09KDYY3SB,3.9079883
2024-07-03,B09KTF8ZDQ,3.9079883
2024-07-03,B09KDZQJ6P,3.9079883
2024-07-03,B09KSXP3HN,3.9079883
2024-07-03,B09KSYL73R,3.9079883
2024-07-03,B09KT5HMNY,3.9079883
2024-07-03,B09KTFXX6L,3.9079883
2024-07-03,B09KTJRHC7,3.9079883
2024-07-03,B09KTMKDKJ,3.9079883
2024-07-03,B09KTMLQ1N,3.9079883
2024-07-03,B09MR2FY5D,3.9079883
2024-07-03,B09MR2MLZH,3.9079883
2024-07-03,B09MR36MLJ,3.9079883
2024-07-03,B09MR3XT5G,3.9079883
2024-07-03,B09KDLQ2GW,3.9079883
2024-07-03,B09MR3Y296,3.9079883
2024-07-03,B0B31VFJ6Q,3.9079883
2024-07-03,B09MR4G722,3.9079883
2024-07-03,B09MR3RSW8,3.9079883
2024-07-03,B09X1F1L26,3.9079883
2024-07-03,B0B31SM3ZR,3.9079883
2024-07-03,B0B31R1ZBV,3.9079883
2024-07-03,B09X1JTK49,3.9079883
2024-07-03,B09X1HV1NL,3.9079883
2024-07-03,B09X1F8C23,3.9079883
2024-07-03,B09MR4Z3H8,3.9079883
2024-07-03,B09MR5WS3Y,3.9079883
2024-07-03,B09MR5Q6HJ,3.9079883
2024-07-03,B09MR56Q9N,3.9079883
2024-07-03,B09MR4Z3H9,3.9079883
2024-07-03,B0B31T1XMH,3.9079883
2024-07-03,B0B69B8R3C,3.9079883
2024-07-03,B0B31VTH56,3.9079883
2024-07-03,B0B31Y1FDZ,3.9079883
2024-07-03,B0B699PLXD,17.919031
2024-07-03,B09MR4B13C,14.971236
2024-07-03,B0B69C4GST,7.5509953
2024-07-03,B0B69DD2C7,6.739758
2024-07-03,B0B69DK8JN,7.5509953
2024-07-03,B0B69FBGN1,20.286371
2024-07-03,B0B69GN5KJ,9.627993
2024-07-03,B0B69SF1BT,10.929836
2024-07-03,B0BDRQWBK9,1.2376989
2024-07-03,B0BDRTZTGX,1.2376989
2024-07-03,B0BDRS6R5Z,4.6597424
2024-07-03,B0B31V3PKG,7.5509953
2024-07-03,B0BG2PD396,1.1436356
2024-07-03,B0BNKZKGFG,1.1436356
2024-07-03,B0BRCXDHBX,1.2376989
2024-07-03,B0BG2T78CJ,61.464638
2024-07-03,B0BG2Z8CY4,31.024548
2024-07-03,B0BGDWGRQB,1.3286607
2024-07-03,B0BGDX2Z3L,1.3286607
2024-07-03,B0BGDXM13S,1.3286607
2024-07-03,B0BGDXV7FD,3.1479433
2024-07-03,B0BGDZLDX2,11.347219
2024-07-03,B0BNKYZD2Z,1.3286607
2024-07-03,B0BNKZ88Z5,14.702802
2024-07-03,B0BNKZ9BJR,1.3286607
2024-07-03,B0BNKZCWFL,1.3286607
2024-07-03,B0BNL43XHH,1.264941
2024-07-03,B0BNKXC5H1,3.9079883
2024-07-03,B0BNL11QD8,1.264941
2024-07-03,B0BNL4Y2J9,1.264941
2024-07-03,B0BRCW79VK,1.264941
2024-07-03,B0BRCW2B64,1.264941
2024-07-03,B0BNL7TJRT,1.264941
2024-07-03,B0BNL5BKMK,1.264941
2024-07-03,B0BRCXCXCV,1.264941
2024-07-03,B0BNL4S6MB,1.264941
2024-07-03,B0BNL3RDG4,1.264941
2024-07-03,B0BNL3J36Z,1.264941
2024-07-03,B0BRCXJ1F6,1.264941
2024-07-03,B0BRDCJWJC,1.264941
2024-07-03,B0CFV6V981,1.264941
2024-07-03,B0BG2QXQ9V,1.264941
2024-07-03,B0BRCXJRX6,3.9079883
2024-07-03,B0BRCXQMS5,1.264941
2024-07-03,B0BRCXQRC9,14.702802
2024-07-03,B0BRCXSTKW,11.347219
2024-07-03,B0BRCXXBG2,1.3286607
2024-07-03,B0BRCY8QMH,1.3286607
2024-07-03,B0BRCYJ33N,18.471375
2024-07-03,B0BRCXP7VN,1.264941
2024-07-03,B0BRCYK4JK,1.3286607
2024-07-03,B0BRCYQNSW,1.264941
2024-07-03,B0BRCYV77T,5.735999
2024-07-03,B0BRDCBGFD,-3.6822677
2024-07-03,B0BRCYJ4SR,1.3286607
2024-07-03,B0C9JLKFPZ,1.264941
2024-07-03,B0BSLWJKSX,33.175106
2024-07-03,B0CY5LR4VX,40.89978
2024-07-03,B0CY5KFQBD,4.497871
2024-07-03,B0CR4C98FS,35.394657
2024-07-03,B0CR4C5WXS,54.543854
2024-07-03,B0CY5QQ49F,74.51609
2024-07-03,B0CR4BGLK5,109.750374
2024-07-03,B0CR4BG4ZW,54.097466
2024-07-03,B0CR49NR3B,29.901272
2024-07-03,B0CR49N6MQ,38.44479
2024-07-03,B0CR49BQRS,31.203117
2024-07-03,B0CR4BK4FW,27.824278
2024-07-04,B09KDW1YKQ,52.020466
2024-07-04,B09KDVXTP4,51.209225
2024-07-04,B09KDTS4DC,52.020466
2024-07-04,B09KDTHJ6V,890.1035
2024-07-04,B09KDPXYG3,912.0653
2024-07-04,B09KDQ2BWY,30.113176
2024-07-04,B09KDNYCYR,30.098274
2024-07-04,B09KDN7PYR,36.433052
2024-07-04,B09MR3Y296,23.804113
2024-07-04,B09KDR64LT,3.9079883
2024-07-04,B09KDXJJ6W,30.098274
2024-07-04,B09MR36MLJ,58.119057
2024-07-04,B09KDZQJ6P,74.51609
2024-07-04,B09KSXP3HN,33.44999
2024-07-04,B09KSYL73R,9.044849
2024-07-04,B09KT5HMNY,1.3286607
2024-07-04,B09KTF8ZDQ,22.7816
2024-07-04,B09KTFXX6L,21.744066
2024-07-04,B09KTJRHC7,30.61899
2024-07-04,B09KTMKDKJ,21.933552
2024-07-04,B09KTMLQ1N,23.934042
2024-07-04,B09MR2FY5D,30.61899
2024-07-04,B09MR2MLZH,33.44999
2024-07-04,B09MR4B13C,25.494701
2024-07-04,B09KDYY3SB,5.207681
2024-07-04,B09KDLQ2GW,25.494701
2024-07-04,B0B69C4GST,16.492659
2024-07-04,B0BDRS6R5Z,25.494701
2024-07-04,B09MR3RSW8,22.663706
2024-07-04,B09X1F8C23,25.494701
2024-07-04,B0B31T1XMH,26.094755
2024-07-04,B0B31SM3ZR,113.55854
2024-07-04,B0B31R1ZBV,52.466854
2024-07-04,B09X1JTK49,14.971236
2024-07-04,B09X1HV1NL,27.824278
2024-07-04,B09MR4Z3H9,27.013039
2024-07-04,B09X1F1L26,27.013039
2024-07-04,B09MR5WS3Y,23.681368
2024-07-04,B09MR5Q6HJ,23.681368
2024-07-04,B09MR56Q9N,29.901272
2024-07-04,B0B31VFJ6Q,27.013039
2024-07-04,B0B31V3PKG,23.829311
2024-07-04,B0B31VTH56,2.4858887
2024-07-04,B0B31Y1FDZ,1.264941
2024-07-04,B0B699PLXD,3.9079883
2024-07-04,B0B69B8R3C,3.9079883
2024-07-04,B09MR4G722,3.9079883
2024-07-04,B0B69DD2C7,3.9079883
2024-07-04,B0B69DK8JN,3.9079883
2024-07-04,B0B69FBGN1,3.9079883
2024-07-04,B0B69GN5KJ,3.9079883
2024-07-04,B0B69SF1BT,3.9079883
2024-07-04,B0BDRQWBK9,3.9079883
2024-07-04,B09MR4Z3H8,3.9079883
2024-07-04,B09MR3XT5G,3.9079883
2024-07-04,B0BDRTZTGX,3.9079883
2024-07-04,B0BG2PD396,3.9079883
2024-07-04,B0BRCXJRX6,3.9079883
2024-07-04,B0BNL11QD8,3.9079883
2024-07-04,B0BRCXJ1F6,3.9079883
2024-07-04,B0BGDWGRQB,3.9079883
2024-07-04,B0BGDX2Z3L,3.9079883
2024-07-04,B0BGDXM13S,3.9079883
2024-07-04,B0BGDXV7FD,3.9079883
2024-07-04,B0BGDZLDX2,3.9079883
2024-07-04,B0BNKXC5H1,3.9079883
2024-07-04,B0BNKYZD2Z,3.9079883
2024-07-04,B0BNKZ88Z5,3.9079883
2024-07-04,B0BNKZ9BJR,3.9079883
2024-07-04,B0BNKZCWFL,3.9079883
2024-07-04,B0BNKZKGFG,3.9079883
2024-07-04,B0BG2Z8CY4,3.9079883
2024-07-04,B0BNL3J36Z,3.9079883
2024-07-04,B0BNL5BKMK,3.9079883
2024-07-04,B0BRCXDHBX,3.9079883
2024-07-04,B0BRCXCXCV,3.9079883
2024-07-04,B0BRCW79VK,3.9079883
2024-07-04,B0BNL7TJRT,3.9079883
2024-07-04,B0BRCW2B64,3.9079883
2024-07-04,B0BNL4Y2J9,3.9079883
2024-07-04,B0BNL4S6MB,3.9079883
2024-07-04,B0BNL43XHH,3.9079883
2024-07-04,B0BSLWJKSX,3.9079883
2024-07-04,B0BRCXQMS5,3.9079883
2024-07-04,B0BNL3RDG4,3.9079883
2024-07-04,B0CY5QQ49F,3.9079883
2024-07-04,B0BG2QXQ9V,3.9079883
2024-07-04,B0BRCXP7VN,3.9079883
2024-07-04,B0BRCXQRC9,3.9079883
2024-07-04,B0BRCXSTKW,3.9079883
2024-07-04,B0BRCXXBG2,3.9079883
2024-07-04,B0BRCY8QMH,3.9079883
2024-07-04,B0BRCYJ33N,3.9079883
2024-07-04,B0BG2T78CJ,3.9079883
2024-07-04,B0BRCYK4JK,3.9079883
2024-07-04,B0BRCYQNSW,3.9079883
2024-07-04,B0BRCYV77T,52.466854
2024-07-04,B0BRDCBGFD,39.18051
2024-07-04,B0BRCYJ4SR,21.363888
2024-07-04,B0C9JLKFPZ,31.024548
2024-07-04,B0BRDCJWJC,25.494701
2024-07-04,B0CY5KFQBD,14.302682
2024-07-04,B0CR4C98FS,5.207681
2024-07-04,B0CR4C5WXS,19.055538
2024-07-04,B0CR4BK4FW,21.933552
2024-07-04,B0CY5LR4VX,24.399729
2024-07-04,B0CR4BG4ZW,22.7816
2024-07-04,B0CR49NR3B,771.5122
2024-07-04,B0CR49N6MQ,178.96956
2024-07-04,B0CR49BQRS,1.8314114
2024-07-04,B0CFV6V981,12.7596
2024-07-04,B0CR4BGLK5,-3.179518
2024-07-05,B09KDW1YKQ,7.031654
2024-07-05,B09KDVXTP4,27.013039
2024-07-05,B09KDTS4DC,11.827782
2024-07-05,B09KDTHJ6V,30.638256
2024-07-05,B09KDPXYG3,12.025988
2024-07-05,B09KDQ2BWY,24.399729
2024-07-05,B0BG2PD396,6.9266577
2024-07-05,B09KDN7PYR,3.9079883
2024-07-05,B09MR3Y296,12.405304
2024-07-05,B09KDR64LT,21.507923
2024-07-05,B09KDXJJ6W,15.87999
2024-07-05,B09MR36MLJ,10.241492
2024-07-05,B09KDZQJ6P,16.589361
2024-07-05,B09KSXP3HN,21.507923
2024-07-05,B09KSYL73R,6.474571
2024-07-05,B09KT5HMNY,21.507923
2024-07-05,B09KTF8ZDQ,22.319162
2024-07-05,B09KTFXX6L,18.471375
2024-07-05,B09KTJRHC7,1.264941
2024-07-05,B09KTMKDKJ,17.12291
2024-07-05,B09KTMLQ1N,19.912388
2024-07-05,B09MR2FY5D,1.264941
2024-07-05,B09MR2MLZH,1.264941
2024-07-05,B09MR4B13C,19.912388
2024-07-05,B09KDYY3SB,27.548374
2024-07-05,B09KDNYCYR,3.9079883
2024-07-05,B0BDRS6R5Z,3.9079883
2024-07-05,B09MR4G722,3.9079883
2024-07-05,B09MR3RSW8,3.9079883
2024-07-05,B09X1F8C23,3.9079883
2024-07-05,B0B31T1XMH,3.9079883
2024-07-05,B0B31SM3ZR,3.9079883
2024-07-05,B0B31R1ZBV,3.9079883
2024-07-05,B09X1JTK49,3.9079883
2024-07-05,B09X1HV1NL,3.9079883
2024-07-05,B09MR5WS3Y,3.9079883
2024-07-05,B09X1F1L26,4.574796
2024-07-05,B0B31VFJ6Q,4.928409
2024-07-05,B09MR5Q6HJ,2.3918252
2024-07-05,B09MR56Q9N,4.4038076
2024-07-05,B09MR4Z3H9,4.574796
2024-07-05,B0B31V3PKG,-2.5250413
2024-07-05,B0B31VTH56,2.3918252
2024-07-05,B0B31Y1FDZ,2.3918252
2024-07-05,B0B699PLXD,4.310757
2024-07-05,B0B69B8R3C,1.3286607
2024-07-05,B0B69C4GST,1.264941
2024-07-05,B0B69DD2C7,-3.6822677
2024-07-05,B0B69DK8JN,1.7373481
2024-07-05,B0B69FBGN1,1.264941
2024-07-05,B09KDLQ2GW,4.924762
2024-07-05,B0B69SF1BT,1.3286607
2024-07-05,B0BDRQWBK9,1.264941
2024-07-05,B09MR4Z3H8,3.9079883
2024-07-05,B09MR3XT5G,3.9079883
2024-07-05,B0BRCXSTKW,3.9079883
2024-07-05,B0B69GN5KJ,3.9079883
2024-07-05,B0BRCXJRX6,3.9079883
2024-07-05,B0BNL11QD8,3.9079883
2024-07-05,B0BRCXJ1F6,3.9079883
2024-07-05,B0BGDWGRQB,3.9079883
2024-07-05,B0BGDX2Z3L,3.9079883
2024-07-05,B0BGDXM13S,1.264941
2024-07-05,B0BGDXV7FD,26.327696
2024-07-05,B0BGDZLDX2,33.449276
2024-07-05,B0BNKXC5H1,33.356228
2024-07-05,B0BNKYZD2Z,26.327696
2024-07-05,B0BNKZ88Z5,83.905975
2024-07-05,B0BNKZ9BJR,83.905975
2024-07-05,B0BNKZCWFL,85.98297
2024-07-05,B0BNKZKGFG,83.905975
2024-07-05,B0BG2Z8CY4,72.70707
2024-07-05,B0BNL3J36Z,46.514282
2024-07-05,B0BNL5BKMK,36.828823
2024-07-05,B0BRCXDHBX,46.32281
2024-07-05,B0BRCXCXCV,53.06691
2024-07-05,B0BRCW79VK,52.466854
2024-07-05,B0BNL7TJRT,56.346104
2024-07-05,B0BRCW2B64,912.0653
2024-07-05,B0BNL4Y2J9,1005.1897
2024-07-05,B0BDRTZTGX,3.9079883
2024-07-05,B0BNL43XHH,3.9079883
2024-07-05,B0BSLWJKSX,3.9079883
2024-07-05,B0BRCXQMS5,3.9079883
2024-07-05,B0BNL4S6MB,3.9079883
2024-07-05,B0CY5QQ49F,3.9079883
2024-07-05,B0BG2T78CJ,36.828823
2024-07-05,B0BRCXP7VN,34.82833
2024-07-05,B0BRCXQRC9,34.82833
2024-07-05,B0BNL3RDG4,8.654751
2024-07-05,B0BRCXXBG2,1.3286607
2024-07-05,B0BRCY8QMH,19.912388
2024-07-05,B0BRCYJ33N,27.548374
2024-07-05,B0BRCYJ4SR,17.201189
2024-07-05,B0BRCYK4JK,27.548374
2024-07-05,B0BRCYQNSW,27.548374
2024-07-05,B0BRCYV77T,1.3286607
2024-07-05,B0BRDCBGFD,13.1562395
2024-07-05,B0BG2QXQ9V,19.912388
2024-07-05,B0C9JLKFPZ,1.264941
2024-07-05,B0CY5LR4VX,19.912388
2024-07-05,B0CY5KFQBD,1.3286607
2024-07-05,B0CR4C98FS,18.496845
2024-07-05,B0BRDCJWJC,15.065633
2024-07-05,B0CR4BK4FW,11.347219
2024-07-05,B0CR4C5WXS,16.104034
2024-07-05,B0CR4BG4ZW,34.453373
2024-07-05,B0CR49NR3B,481.2966
2024-07-05,B0CR49N6MQ,18.937906
2024-07-05,B0CR49BQRS,19.016186
2024-07-05,B0CFV6V981,30.113176
2024-07-05,B0CR4BGLK5,18.937906
2024-07-06,B09KDVXTP4,30.113176
2024-07-06,B09KDTS4DC,22.47719
2024-07-06,B09KDTHJ6V,19.76703
2024-07-06,B09KDR64LT,1.3286607
2024-07-06,B0B69GN5KJ,1.264941
2024-07-06,B09KDPXYG3,1.3286607
2024-07-06,B09KDNYCYR,1.264941
2024-07-06,B09KDN7PYR,3.9079883
2024-07-06,B09KDLQ2GW,3.9079883
2024-07-06,B09KDQ2BWY,3.9079883
2024-07-06,B09KDW1YKQ,3.9079883
2024-07-06,B09KTF8ZDQ,3.9079883
2024-07-06,B09KDYY3SB,3.9079883
2024-07-06,B09KSXP3HN,3.9079883
2024-07-06,B09KSYL73R,3.9079883
2024-07-06,B09KT5HMNY,3.9079883
2024-07-06,B09KTFXX6L,3.9079883
2024-07-06,B09KTJRHC7,3.9079883
2024-07-06,B09KTMKDKJ,3.9079883
2024-07-06,B09KTMLQ1N,3.9079883
2024-07-06,B09MR2FY5D,3.9079883
2024-07-06,B09MR2MLZH,3.9079883
2024-07-06,B09MR36MLJ,3.9079883
2024-07-06,B09KDXJJ6W,3.9079883
2024-07-06,B09MR3RSW8,3.9079883
2024-07-06,B0B31R1ZBV,3.9079883
2024-07-06,B09MR3Y296,3.9079883
2024-07-06,B09X1HV1NL,3.9079883
2024-07-06,B09MR4B13C,3.9079883
2024-07-06,B09MR4G722,3.9079883
2024-07-06,B09MR4Z3H8,3.9079883
2024-07-06,B09MR4Z3H9,3.9079883
2024-07-06,B09MR56Q9N,3.9079883
2024-07-06,B09MR5Q6HJ,3.9079883
2024-07-06,B09MR5WS3Y,3.9079883
2024-07-06,B09X1DHRLN,3.9079883
2024-07-06,B09X1F1L26,3.9079883
2024-07-06,B09X1F8C23,3.9079883
2024-07-06,B0B69DD2C7,3.9079883
2024-07-06,B09X1JTK49,3.9079883
2024-07-06,B0B31SM3ZR,3.9079883
2024-07-06,B0B31T1XMH,3.9079883
2024-07-06,B0B31V3PKG,3.9079883
2024-07-06,B0B31VFJ6Q,3.9079883
2024-07-06,B0B31VTH56,3.9079883
2024-07-06,B0B31Y1FDZ,3.9079883
2024-07-06,B0B699PLXD,3.9079883
2024-07-06,B0B69B8R3C,3.9079883
2024-07-06,B0B69C4GST,3.9079883
2024-07-06,B09MR3XT5G,3.9079883
2024-07-06,B09KDZQJ6P,3.9079883
2024-07-06,B0B69DK8JN,3.9079883
2024-07-06,B0B69SF1BT,3.9079883
2024-07-06,B0BRCXQRC9,3.9079883
2024-07-06,B0BRCXP7VN,3.9079883
2024-07-06,B0BDRQWBK9,3.9079883
2024-07-06,B0BDRTZTGX,3.9079883
2024-07-06,B0BG2PD396,3.9079883
2024-07-06,B0BG2T78CJ,3.9079883
2024-07-06,B0BG2VYWSG,3.9079883
2024-07-06,B0BGDWGRQB,3.9079883
2024-07-06,B0BGDXM13S,3.9079883
2024-07-06,B0BGDXV7FD,3.9079883
2024-07-06,B0BGDZLDX2,3.9079883
2024-07-06,B0BGDX2Z3L,3.9079883
2024-07-06,B0BNKZ9BJR,3.9079883
2024-07-06,B0BNL7TJRT,3.9079883
2024-07-06,B0BRCXDHBX,3.9079883
2024-07-06,B0BRCXCXCV,3.9079883
2024-07-06,B0BRCW79VK,3.9079883
2024-07-06,B0BRCW2B64,3.9079883
2024-07-06,B0BRCXJRX6,3.9079883
2024-07-06,B0BNL5BKMK,3.9079883
2024-07-06,B0BNL4Y2J9,3.9079883
2024-07-06,B0BNL3J36Z,3.9079883
2024-07-06,B0BNKZCWFL,3.9079883
2024-07-06,B0B69FBGN1,3.9079883
2024-07-06,B0BNKZ88Z5,127.032005
2024-07-06,B0BRCXQMS5,162.88063
2024-07-06,B0BNKYZD2Z,85.98297
2024-07-06,B0BRCXSTKW,128.84103
2024-07-06,B0BSLWJKSX,127.032005
2024-07-06,B0BRCY8QMH,128.84103
2024-07-06,B0BRCYJ33N,137.74654
2024-07-06,B0BRCYJ4SR,76.31834
2024-07-06,B0BRCYK4JK,92.853226
2024-07-06,B0BRCYQNSW,81.973595
2024-07-06,B0BRCYV77T,76.31834
2024-07-06,B0BRDCBGFD,52.466854
2024-07-06,B0BRDCJWJC,83.905975
2024-07-06,B0BSLTV9FL,83.905975
2024-07-06,B0C9JLKFPZ,58.119057
2024-07-06,B0CFV6V981,912.0653
2024-07-06,B0BRCXXBG2,1036.9402
2024-07-06,B0CR49N6MQ,3.9079883
2024-07-06,B0CR49NR3B,3.9079883
2024-07-06,B0CR4BG4ZW,3.9079883
2024-07-06,B0CR4BGLK5,3.9079883
2024-07-06,B0CR4BK4FW,3.9079883
2024-07-06,B0CR4C5WXS,3.9079883
2024-07-06,B0CR4C98FS,3.9079883
2024-07-06,B0CY5KFQBD,3.9079883
2024-07-06,B0CY5LR4VX,3.9079883
2024-07-06,B0CY5QQ49F,3.9079883
2024-07-06,B0CR49BQRS,3.9079883
2024-07-07,B09MR36MLJ,1.264941
2024-07-07,B09KDVXTP4,1.264941
2024-07-07,B09KDTS4DC,3.9079883
2024-07-07,B09KDTHJ6V,3.9079883
2024-07-07,B09KDR64LT,3.9079883
2024-07-07,B0B69GN5KJ,3.9079883
2024-07-07,B09KDPXYG3,3.9079883
2024-07-07,B09KDNYCYR,3.9079883
2024-07-07,B09KDN7PYR,3.9079883
2024-07-07,B09KDW1YKQ,3.9079883
2024-07-07,B09KDQ2BWY,3.9079883
2024-07-07,B09KDXJJ6W,3.9079883
2024-07-07,B09KT5HMNY,3.9079883
2024-07-07,B09KDZQJ6P,3.9079883
2024-07-07,B09KSXP3HN,9.11484
2024-07-07,B09KSYL73R,1.264941
2024-07-07,B09MR2MLZH,3.9079883
2024-07-07,B09KTF8ZDQ,3.9079883
2024-07-07,B09KTFXX6L,3.9079883
2024-07-07,B09KTJRHC7,3.9079883
2024-07-07,B09KTMKDKJ,3.9079883
2024-07-07,B09KTMLQ1N,3.9079883
2024-07-07,B09MR2FY5D,3.9079883
2024-07-07,B09KDYY3SB,3.9079883
2024-07-07,B09MR3RSW8,3.9079883
2024-07-07,B09MR4B13C,3.9079883
2024-07-07,B09MR3Y296,26.88164
2024-07-07,B09X1JTK49,28.193552
2024-07-07,B09MR4G722,31.024548
2024-07-07,B09MR4Z3H8,23.974781
2024-07-07,B09MR4Z3H9,31.024548
2024-07-07,B09MR56Q9N,31.024548
2024-07-07,B09MR5Q6HJ,36.635765
2024-07-07,B09MR5WS3Y,19.832067
2024-07-07,B09X1DHRLN,1.9157313
2024-07-07,B09X1F1L26,8.297407
2024-07-07,B09X1F8C23,25.494701
2024-07-07,B09X1HV1NL,20.77451
2024-07-07,B0B31VTH56,27.824278
2024-07-07,B0B31R1ZBV,27.824278
2024-07-07,B0B31SM3ZR,12.4197035
2024-07-07,B0B31T1XMH,890.1035
2024-07-07,B0B31V3PKG,217.01945
2024-07-07,B09MR3XT5G,3.9079883
2024-07-07,B0B31Y1FDZ,3.9079883
2024-07-07,B0B699PLXD,3.9079883
2024-07-07,B0B69B8R3C,3.9079883
2024-07-07,B0B69C4GST,3.9079883
2024-07-07,B0B69DD2C7,3.9079883
2024-07-07,B0B69DK8JN,3.9079883
2024-07-07,B09KDLQ2GW,3.9079883
2024-07-07,B0B69FBGN1,1.264941
2024-07-07,B0BRCYV77T,1.264941
2024-07-07,B0B69SF1BT,3.9079883
2024-07-07,B0BDRTZTGX,3.9079883
2024-07-07,B0BG2PD396,3.9079883
2024-07-07,B0BG2T78CJ,3.9079883
2024-07-07,B0BG2VYWSG,3.9079883
2024-07-07,B0BGDWGRQB,3.9079883
2024-07-07,B0BGDX2Z3L,3.9079883
2024-07-07,B0BDRQWBK9,3.9079883
2024-07-07,B0BGDXV7FD,3.9079883
2024-07-07,B0BGDZLDX2,3.9079883
2024-07-07,B0BNKYZD2Z,3.9079883
2024-07-07,B0BGDXM13S,3.9079883
2024-07-07,B0BNKZ9BJR,3.9079883
2024-07-07,B0BRCW2B64,3.9079883
2024-07-07,B0BNKZCWFL,3.9079883
2024-07-07,B0BRCXDHBX,3.9079883
2024-07-07,B0BRCXCXCV,3.9079883
2024-07-07,B0BRCW79VK,3.9079883
2024-07-07,B0BRCXJRX6,3.9079883
2024-07-07,B0BNL7TJRT,3.9079883
2024-07-07,B0BNL5BKMK,3.9079883
2024-07-07,B0BNL4Y2J9,3.9079883
2024-07-07,B0BNL3J36Z,3.9079883
2024-07-07,B0B31VFJ6Q,3.9079883
2024-07-07,B0BNKZ88Z5,3.9079883
2024-07-07,B0BRCXQMS5,3.9079883
2024-07-07,B0BRCXP7VN,3.9079883
2024-07-07,B0BRCXSTKW,3.9079883
2024-07-07,B0BRCXQRC9,3.9079883
2024-07-07,B0BRCXXBG2,3.9079883
2024-07-07,B0BRCY8QMH,3.9079883
2024-07-07,B0BRCYJ33N,3.9079883
2024-07-07,B0BRCYJ4SR,1.1436356
2024-07-07,B0BRCYK4JK,2.0655463
2024-07-07,B0CY5QQ49F,2.0655463
2024-07-07,B0BRDCBGFD,7.5509953
2024-07-07,B0BRDCJWJC,16.88063
2024-07-07,B0BSLTV9FL,4.6597424
2024-07-07,B0BSLWJKSX,1.2376989
2024-07-07,B0BRCYQNSW,10.929836
2024-07-07,B0CFV6V981,1.2376989
2024-07-07,B0CR49BQRS,1.2376989
2024-07-07,B0CR49N6MQ,1.3286607
2024-07-07,B0CR49NR3B,14.451895
2024-07-07,B0CR4BG4ZW,16.36129
2024-07-07,B0CR4BGLK5,10.929836
2024-07-07,B0CR4BK4FW,0.7317959
2024-07-07,B0CR4C5WXS,21.439337
2024-07-07,B0CR4C98FS,74.754486
2024-07-07,B0CY5KFQBD,17.39969
2024-07-07,B0C9JLKFPZ,1.3286607
2024-07-07,B0CY5LR4VX,7.5509953
2024-07-08,B09KDTHJ6V,10.929836
2024-07-08,B09KDR64LT,7.5509953
2024-07-08,B09KDQ2BWY,16.36129
2024-07-08,B09KDPXYG3,18.496845
2024-07-08,B09MR36MLJ,5.735999
2024-07-08,B09KDN7PYR,1.3286607
2024-07-08,B0B69SF1BT,1.3286607
2024-07-08,B09KDLQ2GW,1.264941
2024-07-08,B09KDNYCYR,3.9079883
2024-07-08,B09KDTS4DC,3.9079883
2024-07-08,B09KTMLQ1N,3.9079883
2024-07-08,B09KDW1YKQ,3.9079883
2024-07-08,B09KDXJJ6W,3.9079883
2024-07-08,B09KDYY3SB,3.9079883
2024-07-08,B09KDZQJ6P,3.9079883
2024-07-08,B09KSYL73R,3.9079883
2024-07-08,B09KT5HMNY,3.9079883
2024-07-08,B09KTF8ZDQ,3.9079883
2024-07-08,B09KTFXX6L,3.9079883
2024-07-08,B09KTJRHC7,3.9079883
2024-07-08,B09MR3RSW8,3.9079883
2024-07-08,B09KDVXTP4,3.9079883
2024-07-08,B09KTMKDKJ,3.9079883
2024-07-08,B09X1HV1NL,3.9079883
2024-07-08,B0B69FBGN1,3.9079883
2024-07-08,B09MR2FY5D,3.9079883
2024-07-08,B09MR56Q9N,3.9079883
2024-07-08,B09X1DHRLN,3.9079883
2024-07-08,B09MR5WS3Y,3.9079883
2024-07-08,B09MR5Q6HJ,3.9079883
2024-07-08,B09MR4G722,3.9079883
2024-07-08,B09MR4Z3H9,3.9079883
2024-07-08,B09MR4Z3H8,3.9079883
2024-07-08,B09X1F8C23,3.9079883
2024-07-08,B09MR4B13C,3.9079883
2024-07-08,B09MR3Y296,3.9079883
2024-07-08,B09X1F1L26,3.9079883
2024-07-08,B09X1JTK49,3.9079883
2024-07-08,B0B31R1ZBV,1.264941
2024-07-08,B09MR3XT5G,3.9079883
2024-07-08,B0B31V3PKG,3.9079883
2024-07-08,B0B31VFJ6Q,3.9079883
2024-07-08,B0B31Y1FDZ,3.9079883
2024-07-08,B0B699PLXD,3.9079883
2024-07-08,B0B69C4GST,1.264941
2024-07-08,B0B69DD2C7,5.03954
2024-07-08,B0B69DK8JN,14.535939
2024-07-08,B0B31T1XMH,9.974146
2024-07-08,B09KSXP3HN,4.6597424
2024-07-08,B0BDRQWBK9,31.449495
2024-07-08,B0BGDZLDX2,62.40708
2024-07-08,B0BNKZ9BJR,6.1154532
2024-07-08,B0BRCXP7VN,18.431086
2024-07-08,B0BG2Z8CY4,31.203117
2024-07-08,B0BGDWGRQB,21.507923
2024-07-08,B0BGDX2Z3L,15.87999
2024-07-08,B0BGDXM13S,22.714209
2024-07-08,B0BGDXV7FD,13.533982
2024-07-08,B0BNKYZD2Z,9.974146
2024-07-08,B0BNKZ88Z5,17.045488
2024-07-08,B0BDRTZTGX,4.4048204
2024-07-08,B0BNL13PNY,1.264941
2024-07-08,B0BRCW2B64,3.9079883
2024-07-08,B0BRCXDHBX,3.9079883
2024-07-08,B0BRCXCXCV,3.9079883
2024-07-08,B0BRCW79VK,3.9079883
2024-07-08,B0BRCXJRX6,3.9079883
2024-07-08,B0BNL5BKMK,3.9079883
2024-07-08,B0BNL4Y2J9,3.9079883
2024-07-08,B0BNL4CB4X,3.9079883
2024-07-08,B0B69GN5KJ,3.9079883
2024-07-08,B0BNL3J36Z,3.9079883
2024-07-08,B0BRCXQMS5,3.9079883
2024-07-08,B0CFV6V981,3.9079883
2024-07-08,B0BG2PD396,3.9079883
2024-07-08,B0BDRS6R5Z,3.9079883
2024-07-08,B0CR49BQRS,3.9079883
2024-07-08,B0BRCXXBG2,3.9079883
2024-07-08,B0BRCY8QMH,3.9079883
2024-07-08,B0BRCYJ33N,3.9079883
2024-07-08,B0BRCYJ4SR,3.9079883
2024-07-08,B0BRCYK4JK,3.9079883
2024-07-08,B0BRCYQNSW,3.9079883
2024-07-08,B0BRCYV77T,3.9079883
2024-07-08,B0BRCXSTKW,3.9079883
2024-07-08,B0BRDCJWJC,3.9079883
2024-07-08,B0C9JLKFPZ,3.9079883
2024-07-08,B0CR49N6MQ,3.9079883
2024-07-08,B0BRDCBGFD,3.9079883
2024-07-08,B0CR49NR3B,3.9079883
2024-07-08,B0CY5QQ49F,3.9079883
2024-07-08,B0BRCXQRC9,3.9079883
2024-07-08,B0CY5KFQBD,3.9079883
2024-07-08,B0CR4C98FS,3.9079883
2024-07-08,B0CY5LR4VX,3.9079883
2024-07-08,B0CR4BK4FW,3.9079883
2024-07-08,B0CR4BGLK5,3.9079883
2024-07-08,B0CR4BG4ZW,3.9079883
2024-07-08,B0CR4C5WXS,3.9079883
2024-07-09,B09KDTS4DC,3.9079883
2024-07-09,B0BDRS6R5Z,3.9079883
2024-07-09,B09KDLQ2GW,3.9079883
2024-07-09,B09KDN7PYR,3.9079883
2024-07-09,B09KDNYCYR,3.9079883
2024-07-09,B09KDQ2BWY,3.9079883
2024-07-09,B09KDR64LT,3.9079883
2024-07-09,B09KDXJJ6W,3.9079883
2024-07-09,B09KDTHJ6V,3.9079883
2024-07-09,B09KDVXTP4,3.9079883
2024-07-09,B09MR2FY5D,3.9079883
2024-07-09,B09KDYY3SB,3.9079883
2024-07-09,B09MR36MLJ,3.9079883
2024-07-09,B09KSXP3HN,-3.6822677
2024-07-09,B09KT5HMNY,0.7317959
2024-07-09,B09KTF8ZDQ,-3.7459872
2024-07-09,B09KTFXX6L,3.9079883
2024-07-09,B09KTJRHC7,1.264941
2024-07-09,B09KTMKDKJ,-3.7459872
2024-07-09,B09KTMLQ1N,6.336055
2024-07-09,B09MR3RSW8,1.264941
2024-07-09,B09KDW1YKQ,1.264941
2024-07-09,B09KDZQJ6P,1.264941
2024-07-09,B09X1JTK49,-3.7459872
2024-07-09,B09MR3XT5G,1.264941
2024-07-09,B09MR4G722,1.264941
2024-07-09,B09MR4Z3H8,1.264941
2024-07-09,B09MR4Z3H9,1.264941
2024-07-09,B09MR56Q9N,1.3286607
2024-07-09,B09MR5WS3Y,9.11484
2024-07-09,B09X1DHRLN,3.9079883
2024-07-09,B09X1F1L26,3.9079883
2024-07-09,B09X1F8C23,3.9079883
2024-07-09,B09X1HV1NL,3.9079883
2024-07-09,B09MR4B13C,3.9079883
2024-07-09,B0B31VFJ6Q,3.9079883
2024-07-09,B0B31R1ZBV,3.9079883
2024-07-09,B0B31SM3ZR,3.9079883
2024-07-09,B0B31T1XMH,1.264941
2024-07-09,B0B31V3PKG,3.9079883
2024-07-09,B0B31Y1FDZ,3.9079883
2024-07-09,B0B699PLXD,52.466854
2024-07-09,B0B69C4GST,52.466854
2024-07-09,B0B69DD2C7,54.269104
2024-07-09,B0B69DK8JN,43.39928
2024-07-09,B0B69N4B1S,52.466854
2024-07-09,B09MR3Y296,43.88962
2024-07-09,B09MR2MLZH,52.466854
2024-07-09,B09KSYL73R,23.934042
2024-07-09,B0BNKYZD2Z,5.644308
2024-07-09,B0BNL13PNY,12.025988
2024-07-09,B0BRCXP7VN,46.32372
2024-07-09,B0BG2T78CJ,33.44999
2024-07-09,B0BGDWGRQB,31.449495
2024-07-09,B0BGDX2Z3L,32.638744
2024-07-09,B0BGDXM13S,13.226934
2024-07-09,B0BGDXV7FD,518.2476
2024-07-09,B0BGDZLDX2,155.45776
2024-07-09,B0BNKZ88Z5,17.919031
2024-07-09,B0BNKZ9BJR,36.011288
2024-07-09,B0BRCXQMS5,49.758526
2024-07-09,B0BG2PD396,53.016476
2024-07-09,B0BNL3RDG4,34.82833
2024-07-09,B0BRCXJRX6,46.32281
2024-07-09,B0BNL4Y2J9,49.758526
2024-07-09,B0BNL5BKMK,53.016476
2024-07-09,B0BRCW2B64,86.08536
2024-07-09,B0BRCW79VK,8.654751
2024-07-09,B0BRCXCXCV,1.3286607
2024-07-09,B0BRCXDHBX,3.9079883
2024-07-09,B0BNL3J36Z,3.9079883
2024-07-09,B0BDRQWBK9,3.9079883
2024-07-09,B0BNL1CG6X,3.9079883
2024-07-09,B0CY5QQ49F,3.9079883
2024-07-09,B0BNKZBJX2,3.9079883
2024-07-09,B0CY5LR4VX,3.9079883
2024-07-09,B0BRCXSTKW,3.9079883
2024-07-09,B0BDRTZTGX,3.9079883
2024-07-09,B0BRCXQRC9,3.9079883
2024-07-09,B0BRCXXBG2,31.024548
2024-07-09,B0BRCY8QMH,28.6185
2024-07-09,B0BRCYJ33N,30.113176
2024-07-09,B0BRCYJ4SR,3.9079883
2024-07-09,B0BRCYQNSW,3.9079883
2024-07-09,B0BRCYV77T,3.9079883
2024-07-09,B0BRDCBGFD,3.9079883
2024-07-09,B0BRDCJWJC,3.9079883
2024-07-09,B0BRCYK4JK,3.9079883
2024-07-09,B0CY5KFQBD,3.9079883
2024-07-09,B0CFV6V981,3.9079883
2024-07-09,B0CR49BQRS,20.77451
2024-07-09,B0CR49N6MQ,25.486185
2024-07-09,B0CR49NR3B,25.486185
2024-07-09,B0CR4BG4ZW,36.71433
2024-07-09,B0CR4BGLK5,175.12025
2024-07-09,B0CR4BK4FW,217.01945
2024-07-09,B0CR4C5WXS,16.88063
2024-07-09,B0CR4C98FS,21.351797
2024-07-09,B0C9JLKFPZ,25.494701
2024-07-10,B09KDTS4DC,19.055538
2024-07-10,B09KDTHJ6V,0.19675261
2024-07-10,B09KDR64LT,26.094755
2024-07-10,B09KDQ2BWY,22.663706
2024-07-10,B09KDPXYG3,25.494701
2024-07-10,B09MR3Y296,26.094755
2024-07-10,B09KDN7PYR,5.207681
2024-07-10,B0BDRQWBK9,1.3286607
2024-07-10,B09MR3XT5G,3.9079883
2024-07-10,B09KDVXTP4,3.9079883
2024-07-10,B09KDNYCYR,3.9079883
2024-07-10,B09KDW1YKQ,3.9079883
2024-07-10,B09MR2FY5D,3.9079883
2024-07-10,B09KDYY3SB,3.9079883
2024-07-10,B09KDZQJ6P,3.9079883
2024-07-10,B09KSXP3HN,3.9079883
2024-07-10,B09KSYL73R,3.9079883
2024-07-10,B09KT5HMNY,3.9079883
2024-07-10,B09KTF8ZDQ,3.9079883
2024-07-10,B09KTFXX6L,3.9079883
2024-07-10,B09KTJRHC7,3.9079883
2024-07-10,B09KTMKDKJ,3.9079883
2024-07-10,B09KTMLQ1N,3.9079883
2024-07-10,B09KDLQ2GW,3.9079883
2024-07-10,B09KDXJJ6W,3.9079883
2024-07-10,B09MR4G722,3.9079883
2024-07-10,B09X1HV1NL,3.9079883
2024-07-10,B0B69GN5KJ,3.9079883
2024-07-10,B09X1F1L26,3.9079883
2024-07-10,B0B31R1ZBV,3.9079883
2024-07-10,B09X1JTK49,3.9079883
2024-07-10,B09MR36MLJ,3.9079883
2024-07-10,B09X1FWK8Z,3.9079883
2024-07-10,B09X1F8C23,3.9079883
2024-07-10,B09MR5WS3Y,3.9079883
2024-07-10,B09X1DHRLN,3.9079883
2024-07-10,B09MR56Q9N,3.9079883
2024-07-10,B09MR4Z3H9,3.9079883
2024-07-10,B09MR4Z3H8,3.9079883
2024-07-10,B0B31T1XMH,3.9079883
2024-07-10,B0B31SM3ZR,3.9079883
2024-07-10,B0B69N4B1S,3.9079883
2024-07-10,B0B31V3PKG,3.9079883
2024-07-10,B0B31VFJ6Q,3.9079883
2024-07-10,B0B31VTH56,3.9079883
2024-07-10,B0B31Y1FDZ,3.9079883
2024-07-10,B0B699PLXD,3.9079883
2024-07-10,B0B69B8R3C,3.9079883
2024-07-10,B0B69C4GST,3.9079883
2024-07-10,B0B69DD2C7,3.9079883
2024-07-10,B0B69DK8JN,3.9079883
2024-07-10,B0B69FBGN1,3.9079883
2024-07-10,B0B69G3YRM,3.9079883
2024-07-10,B09MR4B13C,3.9079883
2024-07-10,B09MR3RSW8,3.9079883
2024-07-10,B09MR2MLZH,3.9079883
2024-07-10,B0BG2T78CJ,3.9079883
2024-07-10,B0BNKZCWFL,3.9079883
2024-07-10,B0BRCXJRX6,3.9079883
2024-07-10,B0BGDWGRQB,3.9079883
2024-07-10,B0BGDX2Z3L,3.9079883
2024-07-10,B0BGDXM13S,3.9079883
2024-07-10,B0BGDXV7FD,3.9079883
2024-07-10,B0BGDZLDX2,3.9079883
2024-07-10,B0BNKYPVM6,3.9079883
2024-07-10,B0BNKYZD2Z,3.9079883
2024-07-10,B0BNKZ88Z5,3.9079883
2024-07-10,B0BNKZ9BJR,3.9079883
2024-07-10,B0BNKZBJX2,3.9079883
2024-07-10,B0BG2Z8CY4,3.9079883
2024-07-10,B0BNL11QD8,3.9079883
2024-07-10,B0BNL5BKMK,3.9079883
2024-07-10,B0BNL1CG6X,3.9079883
2024-07-10,B0BRCXCXCV,3.9079883
2024-07-10,B0BRCW79VK,3.9079883
2024-07-10,B0BRCW2B64,3.9079883
2024-07-10,B0BRCXDHBX,3.9079883
2024-07-10,B0BNL4Y2J9,3.9079883
2024-07-10,B0BNL4S6MB,3.9079883
2024-07-10,B0BNL4CB4X,3.9079883
2024-07-10,B0BNL3RDG4,3.9079883
2024-07-10,B0B69SF1BT,3.9079883
2024-07-10,B0BRCXP7VN,3.9079883
2024-07-10,B0CR4C98FS,3.9079883
2024-07-10,B0BNL3J36Z,3.9079883
2024-07-10,B0CY5QQ49F,3.9079883
2024-07-10,B0BRCXQRC9,3.9079883
2024-07-10,B0BRCXQMS5,3.9079883
2024-07-10,B0BRCXSTKW,3.9079883
2024-07-10,B0BRCXXBG2,3.9079883
2024-07-10,B0BRCY8QMH,3.9079883
2024-07-10,B0BRCYJ33N,3.9079883
2024-07-10,B0BRCYJ4SR,3.9079883
2024-07-10,B0BRCYK4JK,3.9079883
2024-07-10,B0BRCYQNSW,3.9079883
2024-07-10,B0BRCYV77T,3.9079883
2024-07-10,B0BRDCBGFD,3.9079883
2024-07-10,B0BRDCJWJC,3.9079883
2024-07-10,B0BSLWJKSX,3.9079883
2024-07-10,B0BDRTZTGX,3.9079883
2024-07-10,B0CFV6V981,3.9079883
2024-07-10,B0C9JLKFPZ,3.9079883
2024-07-10,B0CY5LR4VX,3.9079883
2024-07-10,B0CY5KFQBD,3.9079883
2024-07-10,B0BG2PD396,3.9079883
2024-07-10,B0CR4BK4FW,3.9079883
2024-07-10,B0CR4C5WXS,3.9079883
2024-07-10,B0CR4BG4ZW,3.9079883
2024-07-10,B0CR49NR3B,3.9079883
2024-07-10,B0CR49N6MQ,3.9079883
2024-07-10,B0CR49BQRS,3.9079883
2024-07-10,B0CQVLFPBQ,3.9079883
2024-07-10,B0CR4BGLK5,3.9079883
2024-07-11,B09KDTHJ6V,3.9079883
2024-07-11,B09KDVXTP4,3.9079883
2024-07-11,B09KDTS4DC,3.9079883
2024-07-11,B09KDR64LT,3.9079883
2024-07-11,B09MR3XT5G,3.9079883
2024-07-11,B09KDNYCYR,3.9079883
2024-07-11,B09KDN7PYR,3.9079883
2024-07-11,B09KDLQ2GW,3.9079883
2024-07-11,B0BDRQWBK9,3.9079883
2024-07-11,B09KDPXYG3,3.9079883
2024-07-11,B09KDW1YKQ,3.9079883
2024-07-11,B09KT5HMNY,3.9079883
2024-07-11,B09KDYY3SB,3.9079883
2024-07-11,B09KDZQJ6P,3.9079883
2024-07-11,B09KSXP3HN,3.9079883
2024-07-11,B09KSYL73R,3.9079883
2024-07-11,B09KTF8ZDQ,3.9079883
2024-07-11,B09KTFXX6L,3.9079883
2024-07-11,B09KTJRHC7,3.9079883
2024-07-11,B09KTMKDKJ,3.9079883
2024-07-11,B09KTMLQ1N,3.9079883
2024-07-11,B09MR2FY5D,20.77451
2024-07-11,B09MR2MLZH,6.9266577
2024-07-11,B09MR3Y296,8.297407
2024-07-11,B09KDXJJ6W,6.8325953
2024-07-11,B09KDQ2BWY,8.297407
2024-07-11,B0B31V3PKG,6.8325953
2024-07-11,B09MR36MLJ,6.8325953
2024-07-11,B09X1F1L26,12.4197035
2024-07-11,B0B31R1ZBV,24.993282
2024-07-11,B09X1JTK49,24.993282
2024-07-11,B09X1HV1NL,20.77451
2024-07-11,B09X1FWK8Z,27.013039
2024-07-11,B09X1F8C23,24.399729
2024-07-11,B09MR56Q9N,19.743578
2024-07-11,B09X1DHRLN,12.0193205
2024-07-11,B09MR5WS3Y,266.0618
2024-07-11,B09MR4Z3H8,217.01945
2024-07-11,B09MR4Z3H9,1.2376989
2024-07-11,B0B31T1XMH,1.2376989
2024-07-11,B0B31SM3ZR,1.2376989
2024-07-11,B0B69FBGN1,27.682993
2024-07-11,B0B31VFJ6Q,17.919031
2024-07-11,B0B31VTH56,14.451895
2024-07-11,B0B31Y1FDZ,46.32372
2024-07-11,B0B699PLXD,33.44999
2024-07-11,B0B69B8R3C,31.449495
2024-07-11,B0B69C4GST,15.187983
2024-07-11,B0B69DD2C7,4.4048204
2024-07-11,B0B69DK8JN,3.9079883
2024-07-11,B0B69G3YRM,3.9079883
2024-07-11,B0B69GN5KJ,3.9079883
2024-07-11,B0B69N4B1S,3.9079883
2024-07-11,B09MR4G722,3.9079883
2024-07-11,B09MR3RSW8,3.9079883
2024-07-11,B09MR4B13C,3.9079883
2024-07-11,B0BRCXQMS5,3.9079883
2024-07-11,B0BNKZCWFL,3.9079883
2024-07-11,B0BRCXDHBX,3.9079883
2024-07-11,B0BG2T78CJ,3.9079883
2024-07-11,B0BG2Z8CY4,3.9079883
2024-07-11,B0BGDWGRQB,3.9079883
2024-07-11,B0BGDX2Z3L,3.9079883
2024-07-11,B0BGDXM13S,3.9079883
2024-07-11,B0BGDXV7FD,3.9079883
2024-07-11,B0BGDZLDX2,3.9079883
2024-07-11,B0BNKYZD2Z,3.9079883
2024-07-11,B0BNKZ88Z5,3.9079883
2024-07-11,B0BNKZ9BJR,18.471375
2024-07-11,B0BNKZBJX2,13.1562395
2024-07-11,B0BNKYPVM6,17.201189
2024-07-11,B0BNL11QD8,15.065633
2024-07-11,B0BNL4S6MB,27.548374
2024-07-11,B0BRCW79VK,18.471375
2024-07-11,B0BRCW2B64,17.201189
2024-07-11,B0BNL5BKMK,3.9079883
2024-07-11,B0BNL4Y2J9,-3.6822677
2024-07-11,B0BNL4CB4X,9.974146
2024-07-11,B0BNL3J36Z,24.14371
2024-07-11,B0BNL1CG6X,5.735999
2024-07-11,B0BNL3RDG4,3.9079883
2024-07-11,B0B69SF1BT,3.9079883
2024-07-11,B0BRCXJRX6,3.9079883
2024-07-11,B0BSLWJKSX,3.9079883
2024-07-11,B0BRCXCXCV,3.9079883
2024-07-11,B0CY5QQ49F,3.9079883
2024-07-11,B0BG2PD396,3.9079883
2024-07-11,B0BDRTZTGX,3.9079883
2024-07-11,B0BRCXP7VN,3.9079883
2024-07-11,B0BRCXQRC9,3.9079883
2024-07-11,B0BRCXXBG2,3.9079883
2024-07-11,B0BRCY8QMH,3.9079883
2024-07-11,B0BRCYJ33N,3.9079883
2024-07-11,B0BRCYJ4SR,3.9079883
2024-07-11,B0BRCYK4JK,3.9079883
2024-07-11,B0BRCYQNSW,3.9079883
2024-07-11,B0BRCYV77T,3.9079883
2024-07-11,B0BRDCBGFD,3.9079883
2024-07-11,B0BRDCJWJC,3.9079883
2024-07-11,B0BRCXSTKW,3.9079883
2024-07-11,B0CFV6V981,3.9079883
2024-07-11,B0C9JLKFPZ,3.9079883
2024-07-11,B0CY5KFQBD,3.9079883
2024-07-11,B0CY5LR4VX,3.9079883
2024-07-11,B0CR4C5WXS,3.9079883
2024-07-11,B0CR4BK4FW,3.9079883
2024-07-11,B0CR4C98FS,3.9079883
2024-07-11,B0CR4BG4ZW,3.9079883
2024-07-11,B0CR49NR3B,3.9079883
2024-07-11,B0CR49N6MQ,3.9079883
2024-07-11,B0CR49BQRS,3.9079883
2024-07-11,B0CQVLFPBQ,3.9079883
2024-07-11,B0CR4BGLK5,3.9079883
2024-07-12,B09KDXJJ6W,3.9079883
2024-07-12,B09KDLQ2GW,3.9079883
2024-07-12,B0BG2PD396,3.9079883
2024-07-12,B09KDNYCYR,3.9079883
2024-07-12,B09KDPXYG3,3.9079883
2024-07-12,B09KDQ2BWY,3.9079883
2024-07-12,B09KDR64LT,3.9079883
2024-07-12,B09KDTHJ6V,3.9079883
2024-07-12,B09KDVXTP4,3.9079883
2024-07-12,B09KDW1YKQ,3.9079883
2024-07-12,B09KSYL73R,3.9079883
2024-07-12,B09MR36MLJ,3.9079883
2024-07-12,B09KDZQJ6P,3.9079883
2024-07-12,B09KSXP3HN,3.9079883
2024-07-12,B09KTF8ZDQ,3.9079883
2024-07-12,B09KTFXX6L,3.9079883
2024-07-12,B09KTJRHC7,3.9079883
2024-07-12,B09KTMKDKJ,3.9079883
2024-07-12,B09MR3RSW8,3.9079883
2024-07-12,B09KTMLQ1N,3.9079883
2024-07-12,B09KDYY3SB,3.9079883
2024-07-12,B09KDN7PYR,3.9079883
2024-07-12,B09X1F8C23,3.9079883
2024-07-12,B09MR3XT5G,3.9079883
2024-07-12,B09MR2FY5D,3.9079883
2024-07-12,B09X1HV1NL,3.9079883
2024-07-12,B09MR4Z3H8,3.9079883
2024-07-12,B09MR4B13C,3.9079883
2024-07-12,B09MR4Z3H9,3.9079883
2024-07-12,B09MR56Q9N,3.9079883
2024-07-12,B09MR5WS3Y,3.9079883
2024-07-12,B09X1DHRLN,3.9079883
2024-07-12,B09X1F1L26,3.9079883
2024-07-12,B09MR3Y296,3.9079883
2024-07-12,B09X1FWK8Z,3.9079883
2024-07-12,B09X1JTK49,3.9079883
2024-07-12,B0B31R1ZBV,3.9079883
2024-07-12,B0B31T1XMH,3.9079883
2024-07-12,B0B31V3PKG,3.9079883
2024-07-12,B0B31VFJ6Q,3.9079883
2024-07-12,B0B31VTH56,3.9079883
2024-07-12,B0B699PLXD,3.9079883
2024-07-12,B0B69B8R3C,3.9079883
2024-07-12,B0B69FBGN1,3.9079883
2024-07-12,B0B69DK8JN,3.9079883
2024-07-12,B0BDRTZTGX,3.9079883
2024-07-12,B0BRCYV77T,3.9079883
2024-07-12,B0BG2T78CJ,3.9079883
2024-07-12,B0BGDX2Z3L,3.9079883
2024-07-12,B0BRCXQRC9,3.9079883
2024-07-12,B0BGDXM13S,3.9079883
2024-07-12,B0BGDXV7FD,3.9079883
2024-07-12,B0BGDZLDX2,3.9079883
2024-07-12,B0BNKY8RQN,3.9079883
2024-07-12,B0BNKYZD2Z,3.9079883
2024-07-12,B0BNKZ88Z5,3.9079883
2024-07-12,B0BNKZCWFL,3.9079883
2024-07-12,B0BNL3J36Z,3.9079883
2024-07-12,B0BNKYPVM6,3.9079883
2024-07-12,B0BNL5BKMK,3.9079883
2024-07-12,B0BNL5HYLR,3.9079883
2024-07-12,B0BNL5JR7V,3.9079883
2024-07-12,B0BRCW2B64,3.9079883
2024-07-12,B0BRCW79VK,3.9079883
2024-07-12,B0BRCXCXCV,3.9079883
2024-07-12,B0BRCXDHBX,3.9079883
2024-07-12,B0B31Y1FDZ,3.9079883
2024-07-12,B0BRCXQMS5,3.9079883
2024-07-12,B0BNL46Y7W,3.9079883
2024-07-12,B0BRCXSTKW,3.9079883
2024-07-12,B0BRCXJRX6,3.9079883
2024-07-12,B0BRCY8QMH,3.9079883
2024-07-12,B0CR49NR3B,3.9079883
2024-07-12,B0CR49BQRS,3.9079883
2024-07-12,B0BRCYK4JK,3.9079883
2024-07-12,B0BRCYQNSW,3.9079883
2024-07-12,B0BRDCBGFD,3.9079883
2024-07-12,B0BRDCJWJC,3.9079883
2024-07-12,B0BSLVXHYJ,3.9079883
2024-07-12,B0C9JLKFPZ,3.9079883
2024-07-12,B0CFV6V981,3.9079883
2024-07-12,B0CR49N6MQ,3.9079883
2024-07-12,B0BRCYJ33N,3.9079883
2024-07-12,B0CR4BG4ZW,3.9079883
2024-07-12,B0CR4BGLK5,3.9079883
2024-07-12,B0CR4BK4FW,3.9079883
2024-07-12,B0CR4C5WXS,3.9079883
2024-07-12,B0CR4C98FS,3.9079883
2024-07-12,B0CY5KFQBD,3.9079883
2024-07-12,B0CY5LR4VX,3.9079883
2024-07-12,B0BGDWGRQB,3.9079883
2024-07-12,B0CY5QQ49F,3.9079883
2024-07-12,B0BRCXXBG2,3.9079883
2024-07-13,B09KDVXTP4,3.9079883
2024-07-13,B09KDTHJ6V,3.9079883
2024-07-13,B0BDRTZTGX,3.9079883
2024-07-13,B09KDQ2BWY,3.9079883
2024-07-13,B09KDN7PYR,3.9079883
2024-07-13,B09KDYY3SB,3.9079883
2024-07-13,B09KDR64LT,3.9079883
2024-07-13,B09KDW1YKQ,3.9079883
2024-07-13,B09KTF8ZDQ,3.9079883
2024-07-13,B09KDZQJ6P,3.9079883
2024-07-13,B09MR3XT5G,3.9079883
2024-07-13,B09KSXP3HN,3.9079883
2024-07-13,B09KTFXX6L,3.9079883
2024-07-13,B09KTJRHC7,3.9079883
2024-07-13,B09KTMKDKJ,3.9079883
2024-07-13,B09KTMLQ1N,3.9079883
2024-07-13,B09MR3Y296,3.9079883
2024-07-13,B09MR2FY5D,3.9079883
2024-07-13,B09KDXJJ6W,3.9079883
2024-07-13,B09KSYL73R,3.9079883
2024-07-13,B0B31T1XMH,3.9079883
2024-07-13,B0B69FBGN1,3.9079883
2024-07-13,B09MR3RSW8,3.9079883
2024-07-13,B09MR4Z3H9,3.9079883
2024-07-13,B0B31R1ZBV,3.9079883
2024-07-13,B09MR5WS3Y,3.9079883
2024-07-13,B09X1F1L26,3.9079883
2024-07-13,B09X1F8C23,3.9079883
2024-07-13,B09X1FWK8Z,3.9079883
2024-07-13,B09X1HV1NL,3.9079883
2024-07-13,B09X1JTK49,3.9079883
2024-07-13,B09MR56Q9N,3.9079883
2024-07-13,B0B31Y1FDZ,3.9079883
2024-07-13,B0B31V3PKG,3.9079883
2024-07-13,B0B31VFJ6Q,3.9079883
2024-07-13,B0B699PLXD,3.9079883
2024-07-13,B0B69B8R3C,3.9079883
2024-07-13,B0B69C4GST,3.9079883
2024-07-13,B09KDLQ2GW,3.9079883
2024-07-13,B0B69DK8JN,3.9079883
2024-07-13,B09MR4B13C,3.9079883
2024-07-13,B09MR4Z3H8,3.9079883
2024-07-13,B0B69SF1BT,3.9079883
2024-07-13,B0BRCYQNSW,3.9079883
2024-07-13,B0BG2PD396,3.9079883
2024-07-13,B0BNL5CJ8G,3.9079883
2024-07-13,B0BGDWGRQB,3.9079883
2024-07-13,B0BRCXQMS5,3.9079883
2024-07-13,B0BGDX2Z3L,3.9079883
2024-07-13,B0BGDXV7FD,3.9079883
2024-07-13,B0BNKY8RQN,3.9079883
2024-07-13,B0BNKYPVM6,3.9079883
2024-07-13,B0BNL3J36Z,3.9079883
2024-07-13,B0BRCXQRC9,3.9079883
2024-07-13,B0BNL5BKMK,3.9079883
2024-07-13,B0BNL5HYLR,3.9079883
2024-07-13,B0BRCW79VK,3.9079883
2024-07-13,B0BRCXP7VN,3.9079883
2024-07-13,B0BRCXDHBX,3.9079883
2024-07-13,B0BRCXCXCV,3.9079883
2024-07-13,B0BRCXJRX6,3.9079883
2024-07-13,B0BRCW2B64,3.9079883
2024-07-13,B0B69DD2C7,3.9079883
2024-07-13,B0BNKYZD2Z,3.9079883
2024-07-13,B0CR49BQRS,3.9079883
2024-07-13,B0BNKZ88Z5,3.9079883
2024-07-13,B0BG2T78CJ,3.9079883
2024-07-13,B0BRCXXBG2,3.9079883
2024-07-13,B0BRCYJ33N,3.9079883
2024-07-13,B0BRCYK4JK,1.264941
2024-07-13,B0BNL5JR7V,3.9079883
2024-07-13,B0BRCYV77T,3.9079883
2024-07-13,B0BRDCBGFD,3.9079883
2024-07-13,B0BRDCJWJC,3.9079883
2024-07-13,B0C9JLKFPZ,3.9079883
2024-07-13,B0CFV6V981,3.9079883
2024-07-13,B0CR49N6MQ,3.9079883
2024-07-13,B0BSLVXHYJ,3.9079883
2024-07-13,B0CY5LR4VX,3.9079883
2024-07-13,B0CR4BG4ZW,3.9079883
2024-07-13,B0CR4BGLK5,3.9079883
2024-07-13,B0CR4BK4FW,3.9079883
2024-07-13,B0CR4C5WXS,3.9079883
2024-07-13,B0CR4C98FS,3.9079883
2024-07-13,B0CY5KFQBD,3.9079883
2024-07-13,B0CR49NR3B,3.9079883
2024-07-13,B0CY5QQ49F,3.9079883
2024-07-14,B09KDR64LT,3.9079883
2024-07-14,B09KDQ2BWY,3.9079883
2024-07-14,B09KDPXYG3,3.9079883
2024-07-14,B09KDYY3SB,3.9079883
2024-07-14,B09KDLQ2GW,3.9079883
2024-07-14,B0BDRTZTGX,3.9079883
2024-07-14,B09KDTHJ6V,3.9079883
2024-07-14,B09KDN7PYR,3.9079883
2024-07-14,B09KDW1YKQ,3.9079883
2024-07-14,B09MR2MLZH,3.9079883
2024-07-14,B09KDZQJ6P,3.9079883
2024-07-14,B09MR3RSW8,3.9079883
2024-07-14,B09KSYL73R,3.9079883
2024-07-14,B09KTF8ZDQ,3.9079883
2024-07-14,B09KTFXX6L,3.9079883
2024-07-14,B09KTJRHC7,3.9079883
2024-07-14,B09KTMKDKJ,3.9079883
2024-07-14,B09KTMLQ1N,3.9079883
2024-07-14,B09MR3XT5G,1.264941
2024-07-14,B09KDXJJ6W,3.9079883
2024-07-14,B09KSXP3HN,3.9079883
2024-07-14,B09MR4Z3H9,3.9079883
2024-07-14,B09MR3Y296,3.9079883
2024-07-14,B0B31R1ZBV,3.9079883
2024-07-14,B09MR36MLJ,3.9079883
2024-07-14,B09MR56Q9N,3.9079883
2024-07-14,B09MR5WS3Y,3.9079883
2024-07-14,B09X1DHRLN,3.9079883
2024-07-14,B09X1F1L26,3.9079883
2024-07-14,B09X1F8C23,3.9079883
2024-07-14,B09X1HV1NL,3.9079883
2024-07-14,B09X1JTK49,3.9079883
2024-07-14,B09MR4B13C,3.9079883
2024-07-14,B09MR4Z3H8,3.9079883
2024-07-14,B0B31SM3ZR,3.9079883
2024-07-14,B0B31T1XMH,3.9079883
2024-07-14,B0B31V3PKG,3.9079883
2024-07-14,B0B31VFJ6Q,3.9079883
2024-07-14,B0B31VTH56,3.9079883
2024-07-14,B0B31Y1FDZ,3.9079883
2024-07-14,B0B699PLXD,3.9079883
2024-07-14,B0B69B8R3C,3.9079883
2024-07-14,B0B69DD2C7,3.9079883
2024-07-14,B0B69DK8JN,3.9079883
2024-07-14,B0BDRQWBK9,3.9079883
2024-07-14,B09MR2FY5D,3.9079883
2024-07-14,B0BG2PD396,3.9079883
2024-07-14,B0BNL5BKMK,3.9079883
2024-07-14,B0BRCXQRC9,3.9079883
2024-07-14,B0BGDXM13S,3.9079883
2024-07-14,B0BGDXV7FD,3.9079883
2024-07-14,B0BGDZLDX2,3.9079883
2024-07-14,B0BNKYPVM6,3.9079883
2024-07-14,B0BNKYZD2Z,3.9079883
2024-07-14,B0BNKZ88Z5,3.9079883
2024-07-14,B0BNKZCWFL,3.9079883
2024-07-14,B0BRCXSTKW,3.9079883
2024-07-14,B0BGDWGRQB,3.9079883
2024-07-14,B0BRCXDHBX,3.9079883
2024-07-14,B0BNL5HYLR,3.9079883
2024-07-14,B0BRCXP7VN,3.9079883
2024-07-14,B0BRCXJRX6,3.9079883
2024-07-14,B0BRCXQMS5,3.9079883
2024-07-14,B0BRCXCXCV,3.9079883
2024-07-14,B0BRCW79VK,3.9079883
2024-07-14,B0BRCW2B64,3.9079883
2024-07-14,B0BGDX2Z3L,3.9079883
2024-07-14,B0BNL5CJ8G,3.9079883
2024-07-14,B0CY5LR4VX,3.9079883
2024-07-14,B0BNL3J36Z,3.9079883
2024-07-14,B0CY5QQ49F,3.9079883
2024-07-14,B0BRCY8QMH,3.9079883
2024-07-14,B0BRCYJ33N,3.9079883
2024-07-14,B0BRCYJ4SR,3.9079883
2024-07-14,B0BRCYK4JK,3.9079883
2024-07-14,B0BRCYQNSW,3.9079883
2024-07-14,B0BRCYV77T,3.9079883
2024-07-14,B0BRDCBGFD,3.9079883
2024-07-14,B0BRDCJWJC,3.9079883
2024-07-14,B0C9JLKFPZ,3.9079883
2024-07-14,B0CFV6V981,3.9079883
2024-07-14,B0CR49BQRS,3.9079883
2024-07-14,B0BG2VYWSG,3.9079883
2024-07-14,B0BRCXXBG2,3.9079883
2024-07-14,B0CR49NR3B,3.9079883
2024-07-14,B0CR4BG4ZW,3.9079883
2024-07-14,B0CR4BGLK5,3.9079883
2024-07-14,B0CR4BK4FW,3.9079883
2024-07-14,B0CR4C5WXS,3.9079883
2024-07-14,B0CR4C98FS,3.9079883
2024-07-14,B0CY5KFQBD,3.9079883
2024-07-14,B0CR49N6MQ,3.9079883
2024-07-15,B09KDTHJ6V,3.9079883
2024-07-15,B09KDR64LT,3.9079883
2024-07-15,B09KDLQ2GW,3.9079883
2024-07-15,B09KDQ2BWY,3.9079883
2024-07-15,B09MR3RSW8,3.9079883
2024-07-15,B09KDN7PYR,3.9079883
2024-07-15,B0BDRS6R5Z,3.9079883
2024-07-15,B09KDTS4DC,3.9079883
2024-07-15,B09KDYY3SB,3.9079883
2024-07-15,B09KDPXYG3,3.9079883
2024-07-15,B09KDVXTP4,3.9079883
2024-07-15,B09KSYL73R,3.9079883
2024-07-15,B09KDZQJ6P,3.9079883
2024-07-15,B09MR36MLJ,3.9079883
2024-07-15,B09KSXP3HN,3.9079883
2024-07-15,B09KT5HMNY,3.9079883
2024-07-15,B09KTF8ZDQ,3.9079883
2024-07-15,B09KTFXX6L,3.9079883
2024-07-15,B09KTJRHC7,3.9079883
2024-07-15,B09KTMKDKJ,3.9079883
2024-07-15,B09KTMLQ1N,3.9079883
2024-07-15,B09KDW1YKQ,3.9079883
2024-07-15,B09KDXJJ6W,3.9079883
2024-07-15,B09X1JTK49,3.9079883
2024-07-15,B09MR3XT5G,17.12291
2024-07-15,B09MR2FY5D,27.548374
2024-07-15,B09MR4G722,1.264941
2024-07-15,B09MR4Z3H8,1.264941
2024-07-15,B09MR56Q9N,18.471375
2024-07-15,B09MR5WS3Y,1.264941
2024-07-15,B09X1DHRLN,1.264941
2024-07-15,B09X1F1L26,1.264941
2024-07-15,B09X1F8C23,1.264941
2024-07-15,B09X1HV1NL,1.264941
2024-07-15,B09MR4Z3H9,1.264941
2024-07-15,B0B31Y1FDZ,17.201189
2024-07-15,B0B31R1ZBV,1.264941
2024-07-15,B0B31T1XMH,17.201189
2024-07-15,B0B31V3PKG,1.264941
2024-07-15,B0B31VFJ6Q,6.336055
2024-07-15,B0B31VTH56,15.065633
2024-07-15,B0B69B8R3C,3.9079883
2024-07-15,B0B69C4GST,3.9079883
2024-07-15,B0B69DD2C7,3.9079883
2024-07-15,B0B69DK8JN,3.9079883
2024-07-15,B0B69FBGN1,3.9079883
2024-07-15,B09MR3Y296,3.9079883
2024-07-15,B09MR2MLZH,3.9079883
2024-07-15,B09MR4B13C,3.9079883
2024-07-15,B0CR4C98FS,3.9079883
2024-07-15,B0BNL1MQ48,3.9079883
2024-07-15,B0BG2VYWSG,3.9079883
2024-07-15,B0BGDWGRQB,3.9079883
2024-07-15,B0BGDX2Z3L,3.9079883
2024-07-15,B0BGDXM13S,3.9079883
2024-07-15,B0BGDXV7FD,3.9079883
2024-07-15,B0BGDZLDX2,3.9079883
2024-07-15,B0BNKYZD2Z,3.9079883
2024-07-15,B0BNKZ88Z5,3.9079883
2024-07-15,B0BNKZCWFL,3.9079883
2024-07-15,B0BRCXQMS5,3.9079883
2024-07-15,B0BNKYPVM6,3.9079883
2024-07-15,B0BRCXJRX6,3.9079883
2024-07-15,B0BNL3ZV7H,3.9079883
2024-07-15,B0BRCXDHBX,3.9079883
2024-07-15,B0BRCXCXCV,3.9079883
2024-07-15,B0BRCXP7VN,3.9079883
2024-07-15,B0BNL5BKMK,3.9079883
2024-07-15,B0BRCW2B64,3.9079883
2024-07-15,B0BNL5HYLR,3.9079883
2024-07-15,B0BNL5CJ8G,3.9079883
2024-07-15,B0B69SF1BT,3.9079883
2024-07-15,B0BNL3J36Z,3.9079883
2024-07-15,B0CY5QQ49F,3.9079883
2024-07-15,B0BRCW79VK,1.264941
2024-07-15,B0BG2PD396,3.9079883
2024-07-15,B0BRCXSTKW,3.9079883
2024-07-15,B0BDRTZTGX,1.264941
2024-07-15,B0BRCXQRC9,1.264941
2024-07-15,B0BRCXXBG2,1.264941
2024-07-15,B0BRCY8QMH,1.264941
2024-07-15,B0BRCYJ33N,1.264941
2024-07-15,B0BRCYK4JK,1.264941
2024-07-15,B0BRCYQNSW,1.264941
2024-07-15,B0BRCYV77T,1.264941
2024-07-15,B0BRDCBGFD,13.1562395
2024-07-15,B0BRDCJWJC,1.264941
2024-07-15,B0BRCYJ4SR,1.264941
2024-07-15,B0CR4BK4FW,1.264941
2024-07-15,B0CFV6V981,13.1562395
2024-07-15,B0CR49BQRS,15.065633
2024-07-15,B0CR49N6MQ,3.9079883
2024-07-15,B0CR49NR3B,3.9079883
2024-07-15,B0CR4BG4ZW,3.9079883
2024-07-15,B0CR4BGLK5,3.9079883
2024-07-15,B0CY5LR4VX,3.9079883
2024-07-15,B0CR4C5WXS,3.9079883
2024-07-15,B0CY5KFQBD,3.9079883
2024-07-15,B0C9JLKFPZ,3.9079883
2024-07-16,B09KDTS4DC,3.9079883
2024-07-16,B09KSXP3HN,3.9079883
2024-07-16,B09KDTHJ6V,3.9079883
2024-07-16,B09KDW1YKQ,3.9079883
2024-07-16,B09KDVXTP4,3.9079883
2024-07-16,B09KDR64LT,3.9079883
2024-07-16,B09KDLQ2GW,3.9079883
2024-07-16,B09KDPXYG3,3.9079883
2024-07-16,B09KDNYCYR,3.9079883
2024-07-16,B0BGDXV7FD,3.9079883
2024-07-16,B09KDXJJ6W,3.9079883
2024-07-16,B09KDQ2BWY,3.9079883
2024-07-16,B09KDYY3SB,3.9079883
2024-07-16,B09MR36MLJ,3.9079883
2024-07-16,B09KSYL73R,3.9079883
2024-07-16,B09MR4D874,3.9079883
2024-07-16,B09KT5HMNY,3.9079883
2024-07-16,B09KTF8ZDQ,3.9079883
2024-07-16,B09KTFXX6L,3.9079883
2024-07-16,B09KTJRHC7,3.9079883
2024-07-16,B09KTMKDKJ,3.9079883
2024-07-16,B09KTMLQ1N,3.9079883
2024-07-16,B09MR2FY5D,3.9079883
2024-07-16,B09MR2MLZH,3.9079883
2024-07-16,B09MR3XT5G,3.9079883
2024-07-16,B09MR3Y296,3.9079883
2024-07-16,B09MR4G722,3.9079883
2024-07-16,B09KDZQJ6P,3.9079883
2024-07-16,B09KDN7PYR,3.9079883
2024-07-16,B0B31SM3ZR,3.9079883
2024-07-16,B09MR4Z3H8,3.9079883
2024-07-16,B09X1JTK49,3.9079883
2024-07-16,B0B31VFJ6Q,3.9079883
2024-07-16,B0B31T1XMH,3.9079883
2024-07-16,B0B31SVP2Q,3.9079883
2024-07-16,B09MR4B13C,3.9079883
2024-07-16,B0B31R1ZBV,3.9079883
2024-07-16,B09X1FWK8Z,3.9079883
2024-07-16,B09X1HV1NL,3.9079883
2024-07-16,B09X1F8C23,3.9079883
2024-07-16,B09X1F1L26,3.9079883
2024-07-16,B09MR56Q9N,3.9079883
2024-07-16,B09MR5WS3Y,3.9079883
2024-07-16,B0B31Y1FDZ,3.9079883
2024-07-16,B0B31VTH56,3.9079883
2024-07-16,B0BG2T78CJ,3.9079883
2024-07-16,B0B699PLXD,3.9079883
2024-07-16,B0B69C4GST,3.9079883
2024-07-16,B0B69DK8JN,3.9079883
2024-07-16,B0B69FBGN1,3.9079883
2024-07-16,B0B69GN5KJ,3.9079883
2024-07-16,B0B69N4B1S,1.264941
2024-07-16,B0B69SF1BT,1.264941
2024-07-16,B0BDRQWBK9,1.264941
2024-07-16,B0BDRS6R5Z,1.264941
2024-07-16,B0BDRTZTGX,3.9079883
2024-07-16,B0BG2PD396,1.264941
2024-07-16,B0BGDWGRQB,3.9079883
2024-07-16,B09MR4Z3H9,1.264941
2024-07-16,B0BGDX2Z3L,3.9079883
2024-07-16,B09MR3RSW8,3.9079883
2024-07-16,B0BGDZLDX2,3.9079883
2024-07-16,B0BNL3J36Z,1.264941
2024-07-16,B0BRCXDHBX,1.264941
2024-07-16,B0BNKYZD2Z,3.9079883
2024-07-16,B0BNKZ5BR1,3.9079883
2024-07-16,B0BNKZBJX2,1.3286607
2024-07-16,B0BNKZCWFL,1.264941
2024-07-16,B0BNKZF51P,3.9079883
2024-07-16,B0BNL117VT,3.9079883
2024-07-16,B0BNL11QD8,3.9079883
2024-07-16,B0BNL13PNY,3.9079883
2024-07-16,B0BNL1MQ48,3.9079883
2024-07-16,B0BNL1RDVC,3.9079883
2024-07-16,B0BNL1WL6R,3.9079883
2024-07-16,B0BRCXJRX6,3.9079883
2024-07-16,B0BNL2VK7L,3.9079883
2024-07-16,B0BNL3RDG4,3.9079883
2024-07-16,B0BNL5LCM5,3.9079883
2024-07-16,B0BNL3ZV7H,3.9079883
2024-07-16,B0BRCW2B64,3.9079883
2024-07-16,B0BNL7TJRT,3.9079883
2024-07-16,B0BNL6H152,3.9079883
2024-07-16,B0BRCW79VK,3.9079883
2024-07-16,B0BNL5HYLR,3.9079883
2024-07-16,B0BNL4Y2J9,3.9079883
2024-07-16,B0BNL4S7GH,3.9079883
2024-07-16,B0BNL5CJ8G,1.264941
2024-07-16,B0BNKZ88Z5,3.9079883
2024-07-16,B0BNL5BKMK,1.264941
2024-07-16,B0BNKZ9BJR,1.264941
2024-07-16,B0CR4C5WXS,1.264941
2024-07-16,B0BRCXCXCV,1.264941
2024-07-16,B0CY5QQ49F,1.264941
2024-07-16,B0BRCXQMS5,1.264941
2024-07-16,B0BRCXP7VN,3.9079883
2024-07-16,B0BRCXSTKW,3.9079883
2024-07-16,B0BRCXXBG2,3.9079883
2024-07-16,B0BRCY8QMH,3.9079883
2024-07-16,B0BRCYJ33N,3.9079883
2024-07-16,B0BRCYJ4SR,1.3286607
2024-07-16,B0BRCYK4JK,1.264941
2024-07-16,B0BRCYQNSW,3.9079883
2024-07-16,B0BRCYV77T,3.9079883
2024-07-16,B0BRDCBGFD,3.9079883
2024-07-16,B0BRDCJWJC,3.9079883
2024-07-16,B0BSLTZV4Z,3.9079883
2024-07-16,B0BRCXQRC9,3.9079883
2024-07-16,B0BSLWJKSX,3.9079883
2024-07-16,B0BSLVXHYJ,3.9079883
2024-07-16,B0CY5KFQBD,3.9079883
2024-07-16,B0CY5LR4VX,3.9079883
2024-07-16,B0CR4C98FS,3.9079883
2024-07-16,B0BNKYW36G,3.9079883
2024-07-16,B0CR4BGLK5,3.9079883
2024-07-16,B0CR4BK4FW,3.9079883
2024-07-16,B0CR49NR3B,3.9079883
2024-07-16,B0CR49N6MQ,3.9079883
2024-07-16,B0CR49BQRS,3.9079883
2024-07-16,B0CFV6V981,3.9079883
2024-07-16,B0C9JLKFPZ,3.9079883
2024-07-16,B0CR4BG4ZW,3.9079883
2024-07-17,B09KDTHJ6V,3.9079883
2024-07-17,B09KDVXTP4,3.9079883
2024-07-17,B09KDTS4DC,3.9079883
2024-07-17,B09KDR64LT,3.9079883
2024-07-17,B09KDLQ2GW,3.9079883
2024-07-17,B09KDPXYG3,3.9079883
2024-07-17,B09KDNYCYR,3.9079883
2024-07-17,B09KDN7PYR,3.9079883
2024-07-17,B09KDW1YKQ,3.9079883
2024-07-17,B09MR4B13C,3.9079883
2024-07-17,B09KDQ2BWY,3.9079883
2024-07-17,B09KDXJJ6W,3.9079883
2024-07-17,B09KTF8ZDQ,3.9079883
2024-07-17,B09KDZQJ6P,3.9079883
2024-07-17,B09KSXP3HN,3.9079883
2024-07-17,B09KSYL73R,3.9079883
2024-07-17,B09KT5HMNY,3.9079883
2024-07-17,B09KTFXX6L,3.9079883
2024-07-17,B09KTJRHC7,3.9079883
2024-07-17,B09KTMKDKJ,3.9079883
2024-07-17,B09KTMLQ1N,3.9079883
2024-07-17,B09MR2FY5D,3.9079883
2024-07-17,B09MR2MLZH,3.9079883
2024-07-17,B09MR4D874,3.9079883
2024-07-17,B09MR3RSW8,3.9079883
2024-07-17,B09KDYY3SB,3.9079883
2024-07-17,B0BNKY8RQN,3.9079883
2024-07-17,B0B31Y1FDZ,3.9079883
2024-07-17,B0BGDXV7FD,3.9079883
2024-07-17,B09MR3XT5G,3.9079883
2024-07-17,B09X1JTK49,3.9079883
2024-07-17,B0B31V3PKG,3.9079883
2024-07-17,B0B31T1XMH,3.9079883
2024-07-17,B0B31SVP2Q,3.9079883
2024-07-17,B0B31SM3ZR,3.9079883
2024-07-17,B0B31R1ZBV,3.9079883
2024-07-17,B09MR4Z3H9,3.9079883
2024-07-17,B09X1HV1NL,3.9079883
2024-07-17,B09X1F8C23,3.9079883
2024-07-17,B09X1F1L26,3.9079883
2024-07-17,B09MR5WS3Y,3.9079883
2024-07-17,B09MR56Q9N,3.9079883
2024-07-17,B0B31VTH56,3.9079883
2024-07-17,B0B31VFJ6Q,3.9079883
2024-07-17,B0B69SF1BT,3.9079883
2024-07-17,B0B699PLXD,3.9079883
2024-07-17,B0B69DD2C7,3.9079883
2024-07-17,B0B69DK8JN,3.9079883
2024-07-17,B0B69GN5KJ,3.9079883
2024-07-17,B09MR4G722,3.9079883
2024-07-17,B0BDRTZTGX,3.9079883
2024-07-17,B0BG2PD396,3.9079883
2024-07-17,B0BG2T78CJ,3.9079883
2024-07-17,B0BG2VYWSG,3.9079883
2024-07-17,B0BGDWGRQB,3.9079883
2024-07-17,B0BGDX2Z3L,3.9079883
2024-07-17,B09MR4Z3H8,3.9079883
2024-07-17,B09MR3Y296,3.9079883
2024-07-17,B09MR36MLJ,3.9079883
2024-07-17,B0BNKZ88Z5,3.9079883
2024-07-17,B0BRCXJRX6,3.9079883
2024-07-17,B0BNL4S7GH,3.9079883
2024-07-17,B0BNKZ5BR1,3.9079883
2024-07-17,B0BRCXDHBX,3.9079883
2024-07-17,B0BNKZ9BJR,3.9079883
2024-07-17,B0BNKZBJX2,3.9079883
2024-07-17,B0BNKZCWFL,3.9079883
2024-07-17,B0BNKZF51P,3.9079883
2024-07-17,B0BNL11QD8,3.9079883
2024-07-17,B0BNL13PNY,3.9079883
2024-07-17,B0BNL2VK7L,3.9079883
2024-07-17,B0BNL3J36Z,3.9079883
2024-07-17,B0BNL3RDG4,3.9079883
2024-07-17,B0BNL3YY1C,3.9079883
2024-07-17,B0BNL1WL6R,3.9079883
2024-07-17,B0BNL4Y2J9,3.9079883
2024-07-17,B0BNL5N28Z,3.9079883
2024-07-17,B0BRCXCXCV,3.9079883
2024-07-17,B0BNL5BKMK,3.9079883
2024-07-17,B0BRCW2B64,3.9079883
2024-07-17,B0BNL7TJRT,3.9079883
2024-07-17,B0BNL6H152,3.9079883
2024-07-17,B0BRCW79VK,3.9079883
2024-07-17,B0BNL5LCM5,3.9079883
2024-07-17,B0BNL5HYLR,3.9079883
2024-07-17,B0BNL5CJ8G,3.9079883
2024-07-17,B0BNL5JR7V,3.9079883
2024-07-17,B0BSLTZV4Z,3.9079883
2024-07-17,B0BRCXQMS5,3.9079883
2024-07-17,B0BGDZLDX2,3.9079883
2024-07-17,B0CY5QQ49F,1.264941
2024-07-17,B0BNKYW36G,3.9079883
2024-07-17,B0BRCXP7VN,3.9079883
2024-07-17,B0BRCXQRC9,1.264941
2024-07-17,B0BRCXSTKW,3.9079883
2024-07-17,B0BRCXXBG2,3.9079883
2024-07-17,B0BRCY8QMH,3.9079883
2024-07-17,B0BRCYJ33N,1.264941
2024-07-17,B0BNKYZD2Z,3.9079883
2024-07-17,B0BRCYK4JK,3.9079883
2024-07-17,B0BRCYQNSW,3.9079883
2024-07-17,B0BRCYV77T,1.264941
2024-07-17,B0BRDCBGFD,3.9079883
2024-07-17,B0BRDCJWJC,1.264941
2024-07-17,B0BRCYJ4SR,3.9079883
2024-07-17,B0BSLWJKSX,1.264941
2024-07-17,B0BSLVXHYJ,1.264941
2024-07-17,B0CY5KFQBD,3.9079883
2024-07-17,B0CR4C98FS,3.9079883
2024-07-17,B0CR4C5WXS,3.9079883
2024-07-17,B0CR4BK4FW,3.9079883
2024-07-17,B0CR4BGLK5,3.9079883
2024-07-17,B0CY5LR4VX,3.9079883
2024-07-17,B0CR49NR3B,3.9079883
2024-07-17,B0CR49N6MQ,3.9079883
2024-07-17,B0CR49BQRS,3.9079883
2024-07-17,B0CFV6V981,3.9079883
2024-07-17,B0C9JLKFPZ,3.9079883
2024-07-17,B0CR4BG4ZW,3.9079883
2024-07-18,B09KDW1YKQ,3.9079883
2024-07-18,B09KDVXTP4,3.9079883
2024-07-18,B09KDTS4DC,3.9079883
2024-07-18,B09KDTHJ6V,3.9079883
2024-07-18,B09KDR64LT,3.9079883
2024-07-18,B09KDNYCYR,3.9079883
2024-07-18,B09KDPXYG3,3.9079883
2024-07-18,B09KDN7PYR,3.9079883
2024-07-18,B09KDLQ2GW,3.9079883
2024-07-18,B0BGDX2Z3L,3.9079883
2024-07-18,B09KDQ2BWY,3.9079883
2024-07-18,B09KDXJJ6W,3.9079883
2024-07-18,B09MR3XT5G,3.9079883
2024-07-18,B09MR3Y296,3.9079883
2024-07-18,B09KSXP3HN,3.9079883
2024-07-18,B09KT5HMNY,3.9079883
2024-07-18,B09KTF8ZDQ,3.9079883
2024-07-18,B09KTFXX6L,3.9079883
2024-07-18,B09KTJRHC7,3.9079883
2024-07-18,B09KTMKDKJ,3.9079883
2024-07-18,B09KTMLQ1N,3.9079883
2024-07-18,B09MR2FY5D,3.9079883
2024-07-18,B09MR2MLZH,3.9079883
2024-07-18,B09MR36MLJ,3.9079883
2024-07-18,B09MR3RSW8,3.9079883
2024-07-18,B09KDYY3SB,3.9079883
2024-07-18,B09KDZQJ6P,3.9079883
2024-07-18,B09MR4B13C,3.9079883
2024-07-18,B0B31Y1FDZ,3.9079883
2024-07-18,B09MR4G722,3.9079883
2024-07-18,B0BGDWGRQB,3.9079883
2024-07-18,B0B31T1XMH,3.9079883
2024-07-18,B0B31SVP2Q,3.9079883
2024-07-18,B0B31SM3ZR,3.9079883
2024-07-18,B0B31R1ZBV,3.9079883
2024-07-18,B09X1JTK49,3.9079883
2024-07-18,B09X1F1L26,3.9079883
2024-07-18,B09X1F8C23,3.9079883
2024-07-18,B09MR5WS3Y,3.9079883
2024-07-18,B09MR56Q9N,3.9079883
2024-07-18,B09MR4Z3H9,3.9079883
2024-07-18,B0B31VFJ6Q,3.9079883
2024-07-18,B09MR4Z3H8,3.9079883
2024-07-18,B0BG2T78CJ,3.9079883
2024-07-18,B0B31VTH56,3.9079883
2024-07-18,B0B699PLXD,3.9079883
2024-07-18,B0B69B8R3C,3.9079883
2024-07-18,B0B69C4GST,3.9079883
2024-07-18,B0B69DK8JN,3.9079883
2024-07-18,B0B69GN5KJ,3.9079883
2024-07-18,B0B69N4B1S,3.9079883
2024-07-18,B0B69SF1BT,3.9079883
2024-07-18,B0BDRQWBK9,3.9079883
2024-07-18,B0BDRS6R5Z,3.9079883
2024-07-18,B0BDRTZTGX,3.9079883
2024-07-18,B0BG2PD396,3.9079883
2024-07-18,B09MR4D874,3.9079883
2024-07-18,B09KSYL73R,3.9079883
2024-07-18,B09X1HV1NL,3.9079883
2024-07-18,B0BGDXM13S,3.9079883
2024-07-18,B0BRCXJRX6,1.264941
2024-07-18,B0BRCXCXCV,3.9079883
2024-07-18,B0BNKY8RQN,1.264941
2024-07-18,B0BNKZ5BR1,1.264941
2024-07-18,B0BNKZ6N9L,1.264941
2024-07-18,B0BNKZ9BJR,1.264941
2024-07-18,B0BNKZBJX2,1.264941
2024-07-18,B0BNKZCWFL,1.264941
2024-07-18,B0BNKZF51P,1.264941
2024-07-18,B0BNKZYHRX,3.9079883
2024-07-18,B0BNL11QD8,1.264941
2024-07-18,B0BNL13PNY,1.264941
2024-07-18,B0BNL3RDG4,3.9079883
2024-07-18,B0BNL3YY1C,1.264941
2024-07-18,B0BGDZLDX2,1.264941
2024-07-18,B0BNL5JR7V,1.3286607
2024-07-18,B0BRCW79VK,1.264941
2024-07-18,B0BRCW2B64,3.9079883
2024-07-18,B0BNL7TJRT,3.9079883
2024-07-18,B0BNL5N28Z,3.9079883
2024-07-18,B0BNL6H152,3.9079883
2024-07-18,B0BNL5HYLR,3.9079883
2024-07-18,B0BNL5CJ8G,3.9079883
2024-07-18,B0BNL4Y2J9,3.9079883
2024-07-18,B0BNL4S7GH,3.9079883
2024-07-18,B0BNL4NX61,3.9079883
2024-07-18,B0CY5QQ49F,3.9079883
2024-07-18,B0BNL46Y7W,3.9079883
2024-07-18,B0BRCXDHBX,3.9079883
2024-07-18,B0BNL2VK7L,3.9079883
2024-07-18,B0BRCXP7VN,3.9079883
2024-07-18,B0BSLTZV4Z,3.9079883
2024-07-18,B0BRCXQRC9,3.9079883
2024-07-18,B0BRCXSTKW,3.9079883
2024-07-18,B0BRCXXBG2,3.9079883
2024-07-18,B0BRCY8QMH,3.9079883
2024-07-18,B0BRCYJ33N,3.9079883
2024-07-18,B0BRCYJ4SR,3.9079883
2024-07-18,B0BRCYK4JK,3.9079883
2024-07-18,B0BRCYQNSW,3.9079883
2024-07-18,B0BRCYV77T,3.9079883
2024-07-18,B0BRDCBGFD,3.9079883
2024-07-18,B0BRDCJWJC,3.9079883
2024-07-18,B0BSLVXHYJ,3.9079883
2024-07-18,B0BSLWJKSX,3.9079883
2024-07-18,B0BRCXQMS5,3.9079883
2024-07-18,B0BGDXV7FD,3.9079883
2024-07-18,B0C9JLKFPZ,3.9079883
2024-07-18,B0CY5LR4VX,3.9079883
2024-07-18,B0CY5KFQBD,3.9079883
2024-07-18,B0CR4C98FS,3.9079883
2024-07-18,B0CR4BK4FW,3.9079883
2024-07-18,B0CR4C5WXS,3.9079883
2024-07-18,B0CR4BG4ZW,3.9079883
2024-07-18,B0CR49NR3B,3.9079883
2024-07-18,B0CR49N6MQ,3.9079883
2024-07-18,B0CR49BQRS,3.9079883
2024-07-18,B0CFV6V981,3.9079883
2024-07-18,B0CR4BGLK5,3.9079883
2024-07-19,B09KDTHJ6V,3.9079883
2024-07-19,B09KDW1YKQ,3.9079883
2024-07-19,B09KDVXTP4,3.9079883
2024-07-19,B09KDTS4DC,3.9079883
2024-07-19,B09KDR64LT,3.9079883
2024-07-19,B09KDZQJ6P,3.9079883
2024-07-19,B09KDNYCYR,3.9079883
2024-07-19,B09KDN7PYR,3.9079883
2024-07-19,B09KDLQ2GW,3.9079883
2024-07-19,B0BGDXM13S,3.9079883
2024-07-19,B09KDXJJ6W,3.9079883
2024-07-19,B09KDPXYG3,1.264941
2024-07-19,B09KDYY3SB,1.264941
2024-07-19,B09KTJRHC7,13.1562395
2024-07-19,B09MR3Y296,1.264941
2024-07-19,B09KSYL73R,3.9079883
2024-07-19,B09KT5HMNY,1.264941
2024-07-19,B09KTF8ZDQ,3.9079883
2024-07-19,B09KTFXX6L,1.264941
2024-07-19,B09KTMKDKJ,1.264941
2024-07-19,B09KTMLQ1N,3.9079883
2024-07-19,B09MR2FY5D,3.9079883
2024-07-19,B09MR2MLZH,3.9079883
2024-07-19,B09MR3XT5G,3.9079883
2024-07-19,B09MR36MLJ,3.9079883
2024-07-19,B09MR3RSW8,3.9079883
2024-07-19,B09KSXP3HN,285.78757
2024-07-19,B09MR4B13C,1.2376989
2024-07-19,B0B31R1ZBV,1.2376989
2024-07-19,B09MR4G722,1.2376989
2024-07-19,B09MR4Z3H8,1.2376989
2024-07-19,B0B31SM3ZR,1.2376989
2024-07-19,B0B31SVP2Q,1.2376989
2024-07-19,B09X1HV1NL,24.17759
2024-07-19,B0B31T1XMH,48.978657
2024-07-19,B09X1JTK49,27.413515
2024-07-19,B09MR5WS3Y,6.9622517
2024-07-19,B09X1F8C23,1.264941
2024-07-19,B09X1F1L26,1.264941
2024-07-19,B09MR56Q9N,1.264941
2024-07-19,B09MR4Z3H9,1.264941
2024-07-19,B0B31VTH56,3.4955518
2024-07-19,B0B31VFJ6Q,1.264941
2024-07-19,B0BDRS6R5Z,1.3286607
2024-07-19,B0B31Y1FDZ,1.3286607
2024-07-19,B0B699PLXD,1.264941
2024-07-19,B0B69B8R3C,1.3286607
2024-07-19,B0B69C4GST,1.264941
2024-07-19,B0B69DK8JN,1.264941
2024-07-19,B0B69GN5KJ,6.336055
2024-07-19,B0B69N4B1S,1.264941
2024-07-19,B0B69SF1BT,1.3286607
2024-07-19,B0BDRQWBK9,1.264941
2024-07-19,B0BDRTZTGX,1.3286607
2024-07-19,B0BG2T78CJ,1.3286607
2024-07-19,B0BGDWGRQB,3.9079883
2024-07-19,B09MR4D874,3.9079883
2024-07-19,B09KDQ2BWY,3.9079883
2024-07-19,B0BGDX2Z3L,3.9079883
2024-07-19,B0BRCXQRC9,3.9079883
2024-07-19,B0BGDXV7FD,3.9079883
2024-07-19,B0BNKY8RQN,3.9079883
2024-07-19,B0BNKZ5BR1,3.9079883
2024-07-19,B0BGDZLDX2,3.9079883
2024-07-19,B0BNKZ6N9L,1.264941
2024-07-19,B0BNKZ9BJR,3.9079883
2024-07-19,B0BNKZBJX2,1.3286607
2024-07-19,B0BNKZCWFL,1.3286607
2024-07-19,B0BNKZYHRX,1.3286607
2024-07-19,B0BNL11QD8,5.735999
2024-07-19,B0BNL13PNY,1.3286607
2024-07-19,B0BNL2VK7L,1.3286607
2024-07-19,B0BNL3RDG4,1.2376989
2024-07-19,B0BNL3YY1C,1.3286607
2024-07-19,B0BNKZF51P,1.3286607
2024-07-19,B0BNL5N28Z,1.3286607
2024-07-19,B0BNL4NX61,1.264941
2024-07-19,B0BRCW79VK,1.3286607
2024-07-19,B0BRCW2B64,1.3286607
2024-07-19,B0BNL7TJRT,1.3286607
2024-07-19,B0BNL6H152,1.3286607
2024-07-19,B0BRCXCXCV,175.12025
2024-07-19,B0BNL5CJ8G,32.914932
2024-07-19,B0BNL4Y2J9,1.2376989
2024-07-19,B0BNL4S7GH,7.5509953
2024-07-19,B0BNL5HYLR,1.2376989
2024-07-19,B0BG2PD396,7.5509953
2024-07-19,B0BNL46Y7W,1.2376989
2024-07-19,B0BRCXDHBX,1.264941
2024-07-19,B0BNL5JR7V,33.175106
2024-07-19,B0BRCXP7VN,5.103825
2024-07-19,B0CY5QQ49F,22.319162
2024-07-19,B0BRCXJRX6,5.103825
2024-07-19,B0BRCXQMS5,1.264941
2024-07-19,B0BRCXSTKW,3.9079883
2024-07-19,B0BRCY8QMH,3.9079883
2024-07-19,B0BRCYJ33N,3.9079883
2024-07-19,B0BRCYJ4SR,3.9079883
2024-07-19,B0BRCYK4JK,3.9079883
2024-07-19,B0BRCYQNSW,3.9079883
2024-07-19,B0BRCYV77T,3.9079883
2024-07-19,B0BRDCBGFD,3.9079883
2024-07-19,B0BRDCJWJC,3.9079883
2024-07-19,B0BSLTZV4Z,3.9079883
2024-07-19,B0BRCXXBG2,3.9079883
2024-07-19,B0BSLWJKSX,3.9079883
2024-07-19,B0BSLVXHYJ,3.9079883
2024-07-19,B0CY5KFQBD,3.9079883
2024-07-19,B0CR4C98FS,3.9079883
2024-07-19,B0CR4BK4FW,3.9079883
2024-07-19,B0CR4BGLK5,145.12202
2024-07-19,B0CR4C5WXS,1.2376989
2024-07-19,B0CR49NR3B,31.449495
2024-07-19,B0C9JLKFPZ,31.024548
2024-07-19,B0CR4BG4ZW,31.024548
2024-07-19,B0CFV6V981,34.82833
2024-07-19,B0CR49BQRS,20.78111
2024-07-19,B0CY5LR4VX,31.449495
2024-07-19,B0CR49N6MQ,31.449495
2024-07-20,B09KDLQ2GW,46.32281
2024-07-20,B09KDN7PYR,8.654751
2024-07-20,B09KDPXYG3,1.2376989
2024-07-20,B09KDQ2BWY,3.9079883
2024-07-20,B0BGDWGRQB,3.9079883
2024-07-20,B09KDR64LT,3.9079883
2024-07-20,B09KDTHJ6V,3.9079883
2024-07-20,B09KDVXTP4,3.9079883
2024-07-20,B09KDW1YKQ,11.583684
2024-07-20,B09KDNYCYR,18.937906
2024-07-20,B09KTFXX6L,1.2376989
2024-07-20,B09MR3XT5G,1.2376989
2024-07-20,B09KDZQJ6P,9.974146
2024-07-20,B09KSYL73R,2.4858887
2024-07-20,B09KTF8ZDQ,17.536123
2024-07-20,B09KTJRHC7,-3.7732294
2024-07-20,B09KTMKDKJ,1.3286607
2024-07-20,B09KTMLQ1N,1.3286607
2024-07-20,B09MR2FY5D,1.3286607
2024-07-20,B09KDXJJ6W,1.3286607
2024-07-20,B09MR2MLZH,1.3286607
2024-07-20,B09KDYY3SB,1.3286607
2024-07-20,B09MR3Y296,1.3286607
2024-07-20,B09MR4G722,15.585365
2024-07-20,B09MR4D874,4.6688595
2024-07-20,B09MR36MLJ,1.3286607
2024-07-20,B09X1JTK49,1.3286607
2024-07-20,B09MR4Z3H8,2.203822
2024-07-20,B09MR4Z3H9,3.8065836
2024-07-20,B09MR56Q9N,1.3286607
2024-07-20,B09MR5Q6HJ,1.3286607
2024-07-20,B09MR5WS3Y,1.3286607
2024-07-20,B09X1F1L26,5.735999
2024-07-20,B09X1F8C23,1.264941
2024-07-20,B09X1HV1NL,1.3286607
2024-07-20,B09KSXP3HN,1.264941
2024-07-20,B0BDRQWBK9,3.9079883
2024-07-20,B0B31SVP2Q,3.9079883
2024-07-20,B0B31T1XMH,3.9079883
2024-07-20,B0B31V3PKG,3.9079883
2024-07-20,B0B31VFJ6Q,3.9079883
2024-07-20,B0B31Y1FDZ,3.9079883
2024-07-20,B0B699PLXD,3.9079883
2024-07-20,B0B69B8R3C,3.9079883
2024-07-20,B0B69C4GST,3.9079883
2024-07-20,B0B69DK8JN,3.9079883
2024-07-20,B09MR4B13C,3.9079883
2024-07-20,B0B31R1ZBV,3.9079883
2024-07-20,B0BG2PD396,3.9079883
2024-07-20,B0BRCYJ33N,3.9079883
2024-07-20,B0BGDX2Z3L,3.9079883
2024-07-20,B0BNL4S6MB,3.9079883
2024-07-20,B0BGDXV7FD,3.9079883
2024-07-20,B0BRCXQMS5,3.9079883
2024-07-20,B0BGDZLDX2,3.9079883
2024-07-20,B0BNKY8RQN,3.9079883
2024-07-20,B0BNKZ5BR1,3.9079883
2024-07-20,B0BNKZ88Z5,3.9079883
2024-07-20,B0BNKZBJX2,3.9079883
2024-07-20,B0BNL13PNY,3.9079883
2024-07-20,B0BNL3RDG4,3.9079883
2024-07-20,B0BRCXQRC9,1.2376989
2024-07-20,B0BNKZ9BJR,7.5509953
2024-07-20,B0BNL4Y2J9,21.95785
2024-07-20,B0BNL5CJ8G,9.627993
2024-07-20,B0BNL5HYLR,1.3286607
2024-07-20,B0BNL6H152,13.162216
2024-07-20,B0BRCXP7VN,13.162216
2024-07-20,B0BRCW2B64,17.39969
2024-07-20,B0BRCW79VK,1.3286607
2024-07-20,B0BRCXDHBX,14.451895
2024-07-20,B0BRCXJRX6,21.95785
2024-07-20,B0B69G3YRM,7.63171
2024-07-20,B0BRCXCXCV,12.11279
2024-07-20,B0CR49N6MQ,4.6597424
2024-07-20,B0BNL2VK7L,6.739758
2024-07-20,B0BGDXM13S,46.514282
2024-07-20,B0BRCY8QMH,35.586338
2024-07-20,B0BRCYJ4SR,17.12291
2024-07-20,B0BRCYK4JK,18.524136
2024-07-20,B0BRCYQNSW,16.795982
2024-07-20,B0BRCYV77T,22.319162
2024-07-20,B0BRDCBGFD,19.335373
2024-07-20,B0BRDCJWJC,18.176256
2024-07-20,B0BSLVXHYJ,22.621159
2024-07-20,B0BSLWJKSX,25.697996
2024-07-20,B0C9JLKFPZ,19.935429
2024-07-20,B0CR49BQRS,5.103825
2024-07-20,B0CFV6V981,1.264941
2024-07-20,B0CY5QQ49F,1.2345974
2024-07-20,B0CR49NR3B,1.7373481
2024-07-20,B0CR4BG4ZW,1.3286607
2024-07-20,B0CR4BGLK5,8.151052
2024-07-20,B0CR4BK4FW,1.3286607
2024-07-20,B0CR4C5WXS,1.3286607
2024-07-20,B0CR4C98FS,6.2204165
2024-07-20,B0CY5KFQBD,5.735999
2024-07-20,B0CY5LR4VX,1.3286607
2024-07-20,B0BRCXXBG2,1.3286607
2024-07-21,B09KDTHJ6V,1.3286607
2024-07-21,B09KDR64LT,1.264941
2024-07-21,B09KDQ2BWY,1.3286607
2024-07-21,B09KDPXYG3,3.8065836
2024-07-21,B09MR3XT5G,1.3286607
2024-07-21,B09KDN7PYR,31.449495
2024-07-21,B0BDRQWBK9,75.90693
2024-07-21,B09KDTS4DC,1.3286607
2024-07-21,B09MR3RSW8,1.264941
2024-07-21,B09KDNYCYR,1.3286607
2024-07-21,B09KDVXTP4,1.3286607
2024-07-21,B09KT5HMNY,1.264941
2024-07-21,B09KDXJJ6W,1.264941
2024-07-21,B09KDYY3SB,5.735999
2024-07-21,B09KDZQJ6P,5.735999
2024-07-21,B09KSXP3HN,1.264941
2024-07-21,B09KTF8ZDQ,1.3286607
2024-07-21,B09KTFXX6L,3.9079883
2024-07-21,B09KTJRHC7,3.9079883
2024-07-21,B09KTMKDKJ,3.9079883
2024-07-21,B09KTMLQ1N,3.9079883
2024-07-21,B09MR2FY5D,3.9079883
2024-07-21,B09KDW1YKQ,3.9079883
2024-07-21,B09KSYL73R,3.9079883
2024-07-21,B09MR5Q6HJ,3.9079883
2024-07-21,B09MR3Y296,3.9079883
2024-07-21,B09MR2MLZH,3.9079883
2024-07-21,B09X1F8C23,3.9079883
2024-07-21,B09X1F1L26,3.9079883
2024-07-21,B09MR5WS3Y,3.9079883
2024-07-21,B09MR4D874,3.9079883
2024-07-21,B09MR56Q9N,3.9079883
2024-07-21,B09MR4Z3H9,3.9079883
2024-07-21,B09MR4Z3H8,3.9079883
2024-07-21,B09MR4G722,3.9079883
2024-07-21,B09X1JTK49,3.9079883
2024-07-21,B09X1HV1NL,3.9079883
2024-07-21,B0B69G3YRM,3.9079883
2024-07-21,B0B31R1ZBV,3.9079883
2024-07-21,B0B31SM3ZR,3.9079883
2024-07-21,B0B31SVP2Q,3.9079883
2024-07-21,B0B31T1XMH,3.9079883
2024-07-21,B0B31V3PKG,3.9079883
2024-07-21,B0B31VFJ6Q,3.9079883
2024-07-21,B0B31Y1FDZ,3.9079883
2024-07-21,B0B699PLXD,3.9079883
2024-07-21,B0B69C4GST,3.9079883
2024-07-21,B09KDLQ2GW,3.9079883
2024-07-21,B0B69DK8JN,3.9079883
2024-07-21,B09MR4B13C,3.9079883
2024-07-21,B09MR36MLJ,3.9079883
2024-07-21,B0BRCY8QMH,3.9079883
2024-07-21,B0B69DD2C7,3.9079883
2024-07-21,B0BRCXQMS5,3.9079883
2024-07-21,B0BNKZCWFL,3.9079883
2024-07-21,B0BG2T78CJ,3.9079883
2024-07-21,B0BG2Z8CY4,3.9079883
2024-07-21,B0BGDWGRQB,3.9079883
2024-07-21,B0BGDX2Z3L,3.9079883
2024-07-21,B0BGDXM13S,3.9079883
2024-07-21,B0BGDXV7FD,3.9079883
2024-07-21,B0BNKYPVM6,3.9079883
2024-07-21,B0BNKZ5BR1,3.9079883
2024-07-21,B0BNKZBJX2,3.9079883
2024-07-21,B0BGDZLDX2,3.9079883
2024-07-21,B0BNKZKGFG,3.9079883
2024-07-21,B0BRCW79VK,3.9079883
2024-07-21,B0BRCXJRX6,3.9079883
2024-07-21,B0BNL13PNY,3.9079883
2024-07-21,B0BRCXDHBX,3.9079883
2024-07-21,B0BRCXCXCV,3.9079883
2024-07-21,B0BRCXP7VN,3.9079883
2024-07-21,B0BRCW2B64,3.9079883
2024-07-21,B0BNL4S7GH,3.9079883
2024-07-21,B0BNL4S6MB,3.9079883
2024-07-21,B0B69SF1BT,3.9079883
2024-07-21,B0CY5QQ49F,3.9079883
2024-07-21,B0BRCXXBG2,3.9079883
2024-07-21,B0BNKYZD2Z,3.9079883
2024-07-21,B0CY5LR4VX,3.9079883
2024-07-21,B0BG2PD396,3.9079883
2024-07-21,B0BRCXQRC9,3.9079883
2024-07-21,B0BNL3RDG4,3.9079883
2024-07-21,B0BRCYJ33N,3.9079883
2024-07-21,B0BRCYK4JK,3.9079883
2024-07-21,B0BRCYQNSW,10.630304
2024-07-21,B0BRCYV77T,0.2889178
2024-07-21,B0BRDCBGFD,13.533982
2024-07-21,B0BRDCJWJC,3.6103547
2024-07-21,B0BSLVXHYJ,14.051269
2024-07-21,B0BSLWJKSX,6.645138
2024-07-21,B0C9JLKFPZ,12.7596
2024-07-21,B0BDRTZTGX,13.162216
2024-07-21,B0CQVLFPBQ,1.3936586
2024-07-21,B0CFV6V981,2.0655463
2024-07-21,B0CR4C98FS,7.5509953
2024-07-21,B0CR4C5WXS,13.352985
2024-07-21,B0CR4BK4FW,6.1154532
2024-07-21,B0CR4BGLK5,8.4800205
2024-07-21,B0CY5KFQBD,4.6597424
2024-07-21,B0CR49NR3B,62.40708
2024-07-21,B0CR49N6MQ,17.052765
2024-07-21,B0CR49BQRS,3.9079883
2024-07-21,B0CR4BG4ZW,3.9079883
2024-07-22,B09KDVXTP4,3.9079883
2024-07-22,B09KDLQ2GW,3.9079883
2024-07-22,B0B69SF1BT,3.9079883
2024-07-22,B09KDNYCYR,3.9079883
2024-07-22,B09KDPXYG3,3.9079883
2024-07-22,B09KDQ2BWY,3.9079883
2024-07-22,B09KDR64LT,3.9079883
2024-07-22,B09KDXJJ6W,3.9079883
2024-07-22,B09KDTHJ6V,3.9079883
2024-07-22,B09KDTS4DC,3.9079883
2024-07-22,B09KDW1YKQ,3.9079883
2024-07-22,B09KSYL73R,3.9079883
2024-07-22,B09MR2MLZH,3.9079883
2024-07-22,B09KDZQJ6P,3.9079883
2024-07-22,B09KSXP3HN,3.9079883
2024-07-22,B09KT5HMNY,3.9079883
2024-07-22,B09KTF8ZDQ,3.9079883
2024-07-22,B09KTFXX6L,3.9079883
2024-07-22,B09KTJRHC7,3.9079883
2024-07-22,B09KTMKDKJ,3.9079883
2024-07-22,B09KTMLQ1N,3.9079883
2024-07-22,B09MR36MLJ,3.9079883
2024-07-22,B09KDYY3SB,3.9079883
2024-07-22,B09KDN7PYR,3.9079883
2024-07-22,B09MR4Z3H9,3.9079883
2024-07-22,B09MR3RSW8,3.9079883
2024-07-22,B09MR2FY5D,3.9079883
2024-07-22,B09X1F1L26,3.9079883
2024-07-22,B09MR5WS3Y,3.9079883
2024-07-22,B09MR5Q6HJ,3.9079883
2024-07-22,B09MR56Q9N,23.829311
2024-07-22,B09MR3Y296,5.03954
2024-07-22,B09MR4Z3H8,2.1667244
2024-07-22,B09MR4G722,1.8314114
2024-07-22,B09MR4D874,25.230541
2024-07-22,B09MR4B13C,8.022754
2024-07-22,B09X1HV1NL,6.9622517
2024-07-22,B09X1F8C23,40.88129
2024-07-22,B0B69DD2C7,1.8314114
2024-07-22,B09X1JTK49,7.031654
2024-07-22,B0B31R1ZBV,3.1479433
2024-07-22,B0B31SM3ZR,1.3286607
2024-07-22,B0B31SVP2Q,9.974146
2024-07-22,B0B31T1XMH,22.621159
2024-07-22,B0B31V3PKG,1.3286607
2024-07-22,B0B31VFJ6Q,117.40784
2024-07-22,B0B31Y1FDZ,35.16581
2024-07-22,B0B699PLXD,1.2376989
2024-07-22,B0B69C4GST,1.2376989
2024-07-22,B09MR3XT5G,1.3286607
2024-07-22,B0B69G3YRM,15.585365
2024-07-22,B0BRCXQRC9,1.8314114
2024-07-22,B0BDRQWBK9,1.3286607
2024-07-22,B0BRCXP7VN,4.6688595
2024-07-22,B0BG2PD396,17.045488
2024-07-22,B0BG2T78CJ,19.842379
2024-07-22,B0BG2Z8CY4,5.207681
2024-07-22,B0BGDWGRQB,2.4858887
2024-07-22,B0BGDX2Z3L,20.78111
2024-07-22,B0BGDXM13S,29.901272
2024-07-22,B0BGDZLDX2,16.141619
2024-07-22,B0BNKYPVM6,19.221928
2024-07-22,B0BNKZ5BR1,20.78111
2024-07-22,B0BNKZBJX2,16.141619
2024-07-22,B0BGDXV7FD,30.638256
2024-07-22,B0BNL13PNY,20.77451
2024-07-22,B0BNL3RDG4,6.9266577
2024-07-22,B0BRCXJRX6,32.386066
2024-07-22,B0BNL4S6MB,23.681368
2024-07-22,B0BNL4S7GH,31.024548
2024-07-22,B0BRCW2B64,52.020466
2024-07-22,B0BRCW79VK,59.89519
2024-07-22,B0BRCXCXCV,65.591934
2024-07-22,B0B69DK8JN,163.70146
2024-07-22,B0BNKZKGFG,3.9079883
2024-07-22,B0BNKZCWFL,3.9079883
2024-07-22,B0BRCXQMS5,3.9079883
2024-07-22,B0BRCXDHBX,3.9079883
2024-07-22,B0BRCXXBG2,3.9079883
2024-07-22,B0CY5QQ49F,3.9079883
2024-07-22,B0BRCYJ33N,3.9079883
2024-07-22,B0BRCYK4JK,3.9079883
2024-07-22,B0BRCYQNSW,3.9079883
2024-07-22,B0BRCYV77T,3.9079883
2024-07-22,B0BRDCBGFD,3.9079883
2024-07-22,B0BRDCJWJC,5.200543
2024-07-22,B0BSLVXHYJ,1.8314114
2024-07-22,B0BSLWJKSX,9.974146
2024-07-22,B0C9JLKFPZ,8.694087
2024-07-22,B0CFV6V981,0.2889178
2024-07-22,B0BRCY8QMH,9.974146
2024-07-22,B0CR49BQRS,11.441543
2024-07-22,B0CQVLFPBQ,20.342182
2024-07-22,B0CY5LR4VX,1.8314114
2024-07-22,B0CY5KFQBD,1.8314114
2024-07-22,B0CR4C98FS,1.7373481
2024-07-22,B0CR4C5WXS,6.1404476
2024-07-22,B0BDRTZTGX,7.2266884
2024-07-22,B0CR4BGLK5,7.5509953
2024-07-22,B0CR4BG4ZW,9.162908
2024-07-22,B0CR49NR3B,52.020466
2024-07-22,B0CR49N6MQ,32.638744
2024-07-22,B0CR4BK4FW,19.76703
2024-07-23,B09KDVXTP4,21.507923
2024-07-23,B09KDN7PYR,4.310757
2024-07-23,B09KDNYCYR,14.9375515
2024-07-23,B09KDPXYG3,15.87999
2024-07-23,B09KDQ2BWY,22.319162
2024-07-23,B09KDR64LT,17.738426
2024-07-23,B09KDTHJ6V,19.335373
2024-07-23,B09KDTS4DC,1.3286607
2024-07-23,B0B69DK8JN,3.9079883
2024-07-23,B09KSYL73R,3.9079883
2024-07-23,B09KDXJJ6W,3.9079883
2024-07-23,B09KDYY3SB,3.9079883
2024-07-23,B09KDZQJ6P,3.9079883
2024-07-23,B09KSXP3HN,3.9079883
2024-07-23,B09KTMLQ1N,3.9079883
2024-07-23,B09KTF8ZDQ,3.9079883
2024-07-23,B09KTFXX6L,3.9079883
2024-07-23,B09KTJRHC7,3.9079883
2024-07-23,B09KTMKDKJ,3.9079883
2024-07-23,B09MR2FY5D,3.9079883
2024-07-23,B09KDW1YKQ,3.9079883
2024-07-23,B09MR2MLZH,3.9079883
2024-07-23,B0B699PLXD,3.9079883
2024-07-23,B09MR3RSW8,3.9079883
2024-07-23,B09X1F8C23,3.9079883
2024-07-23,B09MR3XT5G,3.9079883
2024-07-23,B09MR3Y296,3.9079883
2024-07-23,B09MR4B13C,3.9079883
2024-07-23,B09MR4D874,3.9079883
2024-07-23,B09MR4Z3H8,3.9079883
2024-07-23,B09MR4Z3H9,3.9079883
2024-07-23,B09MR56Q9N,3.9079883
2024-07-23,B09MR5Q6HJ,3.9079883
2024-07-23,B09MR5WS3Y,3.9079883
2024-07-23,B09X1F1L26,3.9079883
2024-07-23,B09X1HV1NL,3.9079883
2024-07-23,B09X1JTK49,3.9079883
2024-07-23,B0B31R1ZBV,3.9079883
2024-07-23,B0B31SVP2Q,3.9079883
2024-07-23,B0B31T1XMH,9.11484
2024-07-23,B0B31V3PKG,3.9079883
2024-07-23,B0B31VFJ6Q,3.9079883
2024-07-23,B0B31VTH56,3.9079883
2024-07-23,B0B31Y1FDZ,3.9079883
2024-07-23,B09MR36MLJ,3.9079883
2024-07-23,B09KDLQ2GW,3.9079883
2024-07-23,B0B69C4GST,1.264941
2024-07-23,B09KT5HMNY,1.264941
2024-07-23,B0B69SF1BT,3.9079883
2024-07-23,B0BNL4CB4X,3.9079883
2024-07-23,B0BRCXQMS5,3.9079883
2024-07-23,B0BGDWGRQB,1.264941
2024-07-23,B0BGDX2Z3L,3.9079883
2024-07-23,B0BGDXV7FD,3.9079883
2024-07-23,B0BNKYPVM6,3.9079883
2024-07-23,B0BDRQWBK9,3.9079883
2024-07-23,B0BNKZBJX2,3.9079883
2024-07-23,B0BNKZKGFG,3.9079883
2024-07-23,B0BNL13PNY,3.9079883
2024-07-23,B0BNL2VK7L,3.9079883
2024-07-23,B0BNKZ9BJR,3.9079883
2024-07-23,B0BRCXP7VN,3.9079883
2024-07-23,B0BNL5BKMK,3.9079883
2024-07-23,B0BNL5HYLR,3.9079883
2024-07-23,B0BRCW2B64,3.9079883
2024-07-23,B0BRCW79VK,3.9079883
2024-07-23,B0BRCXCXCV,3.9079883
2024-07-23,B0BRCXDHBX,3.9079883
2024-07-23,B0BRCXJRX6,3.9079883
2024-07-23,B0BNKZ5BR1,3.9079883
2024-07-23,B0BRCXQRC9,3.9079883
2024-07-23,B0CFV6V981,3.9079883
2024-07-23,B0BNL4HPH9,3.9079883
2024-07-23,B0CY5QQ49F,3.9079883
2024-07-23,B0BRCY8QMH,3.9079883
2024-07-23,B0BRCYJ33N,3.9079883
2024-07-23,B0BRCYJ4SR,3.9079883
2024-07-23,B0BRCYK4JK,3.9079883
2024-07-23,B0BRCYQNSW,3.9079883
2024-07-23,B0BRCYV77T,3.9079883
2024-07-23,B0BRDCBGFD,3.9079883
2024-07-23,B0BRDCJWJC,3.9079883
2024-07-23,B0BSLTZV4Z,3.9079883
2024-07-23,B0BSLVXHYJ,3.9079883
2024-07-23,B0BRCXXBG2,3.9079883
2024-07-23,B0CR49BQRS,3.9079883
2024-07-23,B0CR49N6MQ,3.9079883
2024-07-23,B0CR49NR3B,3.9079883
2024-07-23,B0CR4BG4ZW,3.9079883
2024-07-23,B0CR4BGLK5,3.9079883
2024-07-23,B0CR4BK4FW,3.9079883
2024-07-23,B0CR4C5WXS,3.9079883
2024-07-23,B0CR4C98FS,3.9079883
2024-07-23,B0CY5KFQBD,3.9079883
2024-07-23,B0CY5LR4VX,3.9079883
2024-07-23,B0C9JLKFPZ,3.9079883
2024-07-24,B09KDTHJ6V,3.9079883
2024-07-24,B09KDR64LT,3.9079883
2024-07-24,B09KDQ2BWY,3.9079883
2024-07-24,B09KDXJJ6W,3.9079883
2024-07-24,B09KDNYCYR,3.9079883
2024-07-24,B0BGDWGRQB,1.2376989
2024-07-24,B09KDLQ2GW,1.2376989
2024-07-24,B09KDPXYG3,4.7507043
2024-07-24,B09KDTS4DC,6.739758
2024-07-24,B09KSYL73R,1.2376989
2024-07-24,B09KDYY3SB,1.8314114
2024-07-24,B09MR2MLZH,4.497871
2024-07-24,B09KDZQJ6P,2.0655463
2024-07-24,B09KT5HMNY,2.4858887
2024-07-24,B09KTF8ZDQ,1.3286607
2024-07-24,B09KTFXX6L,1.3286607
2024-07-24,B09KTJRHC7,1.3286607
2024-07-24,B09KTMKDKJ,1.3286607
2024-07-24,B09MR3RSW8,1.3286607
2024-07-24,B09KTMLQ1N,1.3286607
2024-07-24,B09KDVXTP4,25.230541
2024-07-24,B09KSXP3HN,5.6950455
2024-07-24,B09X1JTK49,1.264941
2024-07-24,B0BDRS6R5Z,1.264941
2024-07-24,B09MR2FY5D,3.9079883
2024-07-24,B09MR5WS3Y,3.9079883
2024-07-24,B09X1F1L26,3.9079883
2024-07-24,B09X1DHRLN,3.9079883
2024-07-24,B09MR4G722,1.264941
2024-07-24,B09MR56Q9N,3.9079883
2024-07-24,B09MR4Z3H9,6.739758
2024-07-24,B09MR4Z3H8,4.6688595
2024-07-24,B09X1HV1NL,1.264941
2024-07-24,B09MR3Y296,-3.179518
2024-07-24,B09MR4B13C,1.2376989
2024-07-24,B0B31T1XMH,-3.6822677
2024-07-24,B0B31R1ZBV,1.3286607
2024-07-24,B0B31SVP2Q,4.7627907
2024-07-24,B0B31VFJ6Q,-3.6172702
2024-07-24,B0B31Y1FDZ,1.2995954
2024-07-24,B0B69DK8JN,1.8314114
2024-07-24,B0B69GN5KJ,2.1667244
2024-07-24,B0BDRQWBK9,16.517801
2024-07-24,B09MR3XT5G,-3.7732294
2024-07-24,B09X1F8C23,1.1436356
2024-07-24,B09KDN7PYR,1.2345974
2024-07-24,B0BGDX2Z3L,-2.8442056
2024-07-24,B0BRCXCXCV,1.2345974
2024-07-24,B0BNL64PBG,9.044849
2024-07-24,B0BGDXV7FD,6.8325953
2024-07-24,B0BRCY8QMH,4.6597424
2024-07-24,B0BGDZLDX2,5.103825
2024-07-24,B0BNKYW36G,5.103825
2024-07-24,B0BNKZ5BR1,0.09289556
2024-07-24,B0BNKZBJX2,0.09289556
2024-07-24,B0BNL117VT,-0.5130567
2024-07-24,B0BNL4HPH9,-3.6822677
2024-07-24,B0BRCYJ33N,3.9079883
2024-07-24,B0BNL5HYLR,1.264941
2024-07-24,B0BRCW2B64,3.9079883
2024-07-24,B0BRCXJRX6,1.264941
2024-07-24,B0BRCXQRC9,3.9079883
2024-07-24,B0BRCXQMS5,3.9079883
2024-07-24,B0BRCXP7VN,3.9079883
2024-07-24,B0BRCXXBG2,3.9079883
2024-07-24,B0BRCXDHBX,3.9079883
2024-07-24,B0BG2PD396,3.9079883
2024-07-24,B0BRCW79VK,3.9079883
2024-07-24,B0BNL11QD8,3.9079883
2024-07-24,B0CQVLFPBQ,1.3286607
2024-07-24,B0BNL13PNY,1.3286607
2024-07-24,B0BGDXM13S,1.3286607
2024-07-24,B0CR49N6MQ,1.3286607
2024-07-24,B0BRCYK4JK,1.3286607
2024-07-24,B0BRCYQNSW,1.3286607
2024-07-24,B0BRCYV77T,1.3286607
2024-07-24,B0BRDCBGFD,1.3286607
2024-07-24,B0BRDCJWJC,1.3286607
2024-07-24,B0BSLTZV4Z,1.3286607
2024-07-24,B0C9JLKFPZ,1.3286607
2024-07-24,B0CFV6V981,6.739758
2024-07-24,B0CR49BQRS,10.410495
2024-07-24,B0BSLVXHYJ,1.2376989
2024-07-24,B0BRCYJ4SR,1.2376989
2024-07-24,B0CY5QQ49F,80.16829
2024-07-24,B0CR49NR3B,5.207681
2024-07-24,B0CY5KFQBD,1.2376989
2024-07-24,B0CR4C98FS,1.8314114
2024-07-24,B0CR4C5WXS,1.3286607
2024-07-24,B0CY5LR4VX,1.3286607
2024-07-24,B0CR4BGLK5,1.3286607
2024-07-24,B0CR4BG4ZW,1.3286607
2024-07-24,B0CR4BK4FW,1.2376989
2024-07-25,B09KDR64LT,1.3286607
2024-07-25,B09KDVXTP4,1.3286607
2024-07-25,B0BDRQWBK9,1.3286607
2024-07-25,B09KDLQ2GW,1.264941
2024-07-25,B09KDN7PYR,7.031654
2024-07-25,B09KDNYCYR,1.3286607
2024-07-25,B09KDPXYG3,1.3286607
2024-07-25,B09KDQ2BWY,1.3286607
2024-07-25,B09KDTHJ6V,1.3286607
2024-07-25,B09KTFXX6L,1.3286607
2024-07-25,B09KDW1YKQ,1.2376989
2024-07-25,B09KTMLQ1N,1.3286607
2024-07-25,B09KDXJJ6W,7.5509953
2024-07-25,B09KDZQJ6P,1.2376989
2024-07-25,B09KSXP3HN,1.2376989
2024-07-25,B09KSYL73R,1.3286607
2024-07-25,B09KT5HMNY,1.3286607
2024-07-25,B09KTF8ZDQ,1.3286607
2024-07-25,B09MR2FY5D,1.3286607
2024-07-25,B09KDTS4DC,4.310757
2024-07-25,B09KDYY3SB,1.8314114
2024-07-25,B09KTJRHC7,1.264941
2024-07-25,B0B31Y1FDZ,1.8314114
2024-07-25,B09MR4Z3H9,1.2376989
2024-07-25,B09MR5WS3Y,1.3286607
2024-07-25,B09MR56Q9N,1.3286607
2024-07-25,B09MR3Y296,1.3286607
2024-07-25,B09MR4Z3H8,1.3286607
2024-07-25,B09MR4D874,7.031654
2024-07-25,B09MR4B13C,1.3286607
2024-07-25,B09X1F1L26,1.8314114
2024-07-25,B09MR3XT5G,3.9079883
2024-07-25,B09X1DHRLN,1.3286607
2024-07-25,B09X1JTK49,1.3286607
2024-07-25,B09X1F8C23,1.264941
2024-07-25,B09X1FWK8Z,1.3286607
2024-07-25,B09X1HV1NL,1.3286607
2024-07-25,B0B31R1ZBV,1.3286607
2024-07-25,B0B31SM3ZR,1.3286607
2024-07-25,B0B31T1XMH,1.3286607
2024-07-25,B0B31VFJ6Q,1.3286607
2024-07-25,B09MR2MLZH,1.3286607
2024-07-25,B09MR3RSW8,1.3286607
2024-07-25,B09KTMKDKJ,1.3286607
2024-07-25,B0B31VTH56,1.3286607
2024-07-25,B0BRCYK4JK,1.3286607
2024-07-25,B0BNL13PNY,1.3286607
2024-07-25,B0BRCXQMS5,5.103825
2024-07-25,B0BGDWGRQB,1.2376989
2024-07-25,B0BGDX2Z3L,1.3286607
2024-07-25,B0BGDXM13S,1.3286607
2024-07-25,B0BGDXV7FD,1.3286607
2024-07-25,B0BNKYW36G,1.264941
2024-07-25,B0BNKZ5BR1,1.3286607
2024-07-25,B0BNL11QD8,1.3286607
2024-07-25,B0BRCXQRC9,1.3286607
2024-07-25,B0BG2Z8CY4,1.3286607
2024-07-25,B0BNL64PBG,1.3286607
2024-07-25,B0BRCW2B64,1.264941
2024-07-25,B0BRCW79VK,3.9079883
2024-07-25,B0BRCXCXCV,6.645138
2024-07-25,B0BRCXDHBX,14.535939
2024-07-25,B0BRCXJRX6,17.045488
2024-07-25,B0BRCXP7VN,1.8314114
2024-07-25,B0BNL5BKMK,1.3936586
2024-07-25,B0B69DD2C7,1.8314114
2024-07-25,B0BNL4HPH9,1.8314114
2024-07-25,B0BG2PD396,9.974146
2024-07-25,B0BNL117VT,1.8314114
2024-07-25,B0CY5QQ49F,1.8314114
2024-07-25,B0BDRS6R5Z,1.3936586
2024-07-25,B0BRCY8QMH,1.8314114
2024-07-25,B0BRCXXBG2,7.5509953
2024-07-25,B0BRCYJ33N,1.2376989
2024-07-25,B0BRCYQNSW,1.3286607
2024-07-25,B0BRCYV77T,83.905975
2024-07-25,B0BRDCBGFD,44.10005
2024-07-25,B0C9JLKFPZ,1.8314114
2024-07-25,B0CFV6V981,1.8314114
2024-07-25,B0CQVLFPBQ,5.103825
2024-07-25,B0BRDCJWJC,26.254583
2024-07-25,B0CR49N6MQ,4.4048204
2024-07-25,B0CY5LR4VX,21.412367
2024-07-25,B0CR49BQRS,24.396156
2024-07-25,B0CR4C98FS,2.4858887
2024-07-25,B0CR4C5WXS,2.4858887
2024-07-25,B0CR4BK4FW,1.2376989
2024-07-25,B0CY5KFQBD,3.9079883
2024-07-25,B0CR4BG4ZW,1.3286607
2024-07-25,B0CR49NR3B,1.3286607
2024-07-25,B0CR4BGLK5,1.3286607
2024-07-26,B09KDTS4DC,9.11484
2024-07-26,B09KDXJJ6W,1.3286607
2024-07-26,B09KDLQ2GW,1.3286607
2024-07-26,B09KDNYCYR,1.3286607
2024-07-26,B09KDPXYG3,1.3286607
2024-07-26,B09KDQ2BWY,1.3286607
2024-07-26,B09KDR64LT,9.11484
2024-07-26,B09KDTHJ6V,1.3286607
2024-07-26,B09KDVXTP4,1.3286607
2024-07-26,B09KTMKDKJ,3.5592716
2024-07-26,B0B69FBGN1,1.3286607
2024-07-26,B09MR2FY5D,7.63171
2024-07-26,B09KDZQJ6P,54.483784
2024-07-26,B09KSXP3HN,21.809578
2024-07-26,B09KSYL73R,1.3286607
2024-07-26,B09KT5HMNY,1.3286607
2024-07-26,B09KTF8ZDQ,1.3286607
2024-07-26,B09KTFXX6L,1.3286607
2024-07-26,B09KTJRHC7,1.3286607
2024-07-26,B09MR2MLZH,1.3286607
2024-07-26,B09KDW1YKQ,1.3286607
2024-07-26,B09KDYY3SB,1.3286607
2024-07-26,B09MR3Y296,9.11484
2024-07-26,B09MR3RSW8,1.264941
2024-07-26,B09KTMLQ1N,3.9079883
2024-07-26,B09X1F8C23,1.264941
2024-07-26,B09MR4B13C,1.264941
2024-07-26,B09MR4D874,3.9079883
2024-07-26,B09MR4G722,1.264941
2024-07-26,B09MR4Z3H8,3.9079883
2024-07-26,B09MR4Z3H9,1.264941
2024-07-26,B09MR56Q9N,1.264941
2024-07-26,B09MR5WS3Y,1.3286607
2024-07-26,B09MR3XT5G,1.264941
2024-07-26,B09X1DHRLN,1.264941
2024-07-26,B0B31T1XMH,3.9079883
2024-07-26,B09X1HV1NL,3.9079883
2024-07-26,B09X1JTK49,1.264941
2024-07-26,B0B31R1ZBV,3.9079883
2024-07-26,B0B31SM3ZR,1.264941
2024-07-26,B0B31VFJ6Q,1.3286607
2024-07-26,B0B31VTH56,1.264941
2024-07-26,B0B31Y1FDZ,3.9079883
2024-07-26,B0B69C4GST,3.9079883
2024-07-26,B09X1F1L26,1.264941
2024-07-26,B0B69DK8JN,3.9079883
2024-07-26,B0B699PLXD,1.264941
2024-07-26,B0B69SF1BT,1.264941
2024-07-26,B0BRCXP7VN,1.264941
2024-07-26,B0BG2PD396,1.264941
2024-07-26,B0BG2T78CJ,3.9079883
2024-07-26,B0BGDWGRQB,1.264941
2024-07-26,B0BGDX2Z3L,3.9079883
2024-07-26,B0BGDXM13S,1.3286607
2024-07-26,B0BGDXV7FD,1.3286607
2024-07-26,B0BNKYZD2Z,1.3286607
2024-07-26,B0BNKZ5BR1,1.3286607
2024-07-26,B0BNL11QD8,1.3286607
2024-07-26,B0BRCYJ33N,1.3286607
2024-07-26,B0BNL3J36Z,1.3286607
2024-07-26,B0BNL4CB4X,1.3286607
2024-07-26,B0BNL5BKMK,1.3286607
2024-07-26,B0BRCW2B64,1.3286607
2024-07-26,B0BRCW79VK,1.3286607
2024-07-26,B0BRCXCXCV,1.3286607
2024-07-26,B0BRCXDHBX,1.3286607
2024-07-26,B0BRCXJRX6,1.3286607
2024-07-26,B0BNL424DV,1.3286607
2024-07-26,B0BDRS6R5Z,1.3936586
2024-07-26,B0BRCXQMS5,1.3286607
2024-07-26,B0BNKZ88Z5,1.264941
2024-07-26,B0BRCXXBG2,1.3286607
2024-07-26,B0CY5QQ49F,1.3286607
2024-07-26,B0CR49BQRS,1.3286607
2024-07-26,B0BRCY8QMH,1.264941
2024-07-26,B0BRCYJ4SR,1.264941
2024-07-26,B0BRCYK4JK,1.264941
2024-07-26,B0BRCYQNSW,1.264941
2024-07-26,B0BRDCBGFD,1.3286607
2024-07-26,B0BRDCJWJC,1.3286607
2024-07-26,B0C9JLKFPZ,3.9079883
2024-07-26,B0CFV6V981,1.3286607
2024-07-26,B0BRCYV77T,5.735999
2024-07-26,B0BRCXQRC9,1.264941
2024-07-26,B0CR49NR3B,1.3286607
2024-07-26,B0CR4BG4ZW,5.735999
2024-07-26,B0CR4BGLK5,1.3286607
2024-07-26,B0CR4BK4FW,1.3286607
2024-07-26,B0CR4C5WXS,1.3286607
2024-07-26,B0CR4C98FS,1.3286607
2024-07-26,B0CY5KFQBD,1.264941
2024-07-26,B0CY5LR4VX,5.735999
2024-07-26,B0CR49N6MQ,1.264941
2024-07-26,B0BDRQWBK9,1.3286607
2024-07-27,B09KTMLQ1N,1.3286607
2024-07-27,B09KTMKDKJ,1.3286607
2024-07-27,B09KTJRHC7,1.2376989
2024-07-27,B09KTFXX6L,1.3286607
2024-07-27,B09KDPXYG3,1.264941
2024-07-27,B09KSXP3HN,1.3286607
2024-07-27,B09KDZQJ6P,1.3286607
2024-07-27,B09KDYY3SB,1.3286607
2024-07-27,B09MR2FY5D,1.3286607
2024-07-27,B09KSYL73R,1.3286607
2024-07-27,B09KDLQ2GW,1.3286607
2024-07-27,B0BNKYZD2Z,1.3286607
2024-07-27,B09MR4Z3H8,1.2376989
2024-07-27,B09MR56Q9N,1.3286607
2024-07-27,B09X1F1L26,3.9079883
2024-07-27,B09X1F8C23,1.264941
2024-07-27,B09X1HV1NL,1.264941
2024-07-27,B0B31VFJ6Q,1.264941
2024-07-27,B0BG2PD396,1.3286607
2024-07-27,B0BGDX2Z3L,1.3286607
2024-07-27,B0BGDXV7FD,1.3286607
2024-07-27,B09MR3XT5G,1.3286607
2024-07-27,B09MR4B13C,7.8129954
2024-07-27,B0BNKZ88Z5,4.300457
2024-07-27,B0BNL3J36Z,1.3286607
2024-07-27,B0BNL5BKMK,3.9079883
2024-07-27,B0BRCW2B64,14.971236
2024-07-27,B0BRCYK4JK,1.2376989
2024-07-27,B0BRCYJ33N,1.3286607
2024-07-27,B0BRCXQRC9,1.264941
2024-07-27,B0BRCW79VK,26.327696
2024-07-27,B0BRCXJRX6,37.53022
2024-07-27,B0BRCXDHBX,3.9079883
2024-07-27,B0BRCXCXCV,3.9079883
2024-07-27,B0BRCYV77T,3.9079883
2024-07-27,B0BRCXQMS5,3.9079883
2024-07-27,B0C9JLKFPZ,3.9079883
2024-07-27,B0BRCYQNSW,1.3286607
2024-07-27,B0CR49BQRS,4.4048204
2024-07-27,B0CR49N6MQ,1.8314114
2024-07-27,B0CR49NR3B,1.8314114
2024-07-27,B0CR4BG4ZW,1.3286607
2024-07-27,B0CR4BGLK5,3.9079883
2024-07-27,B0CR4BK4FW,1.264941
2024-07-27,B0CR4C5WXS,5.735999
2024-07-27,B0CR4C98FS,1.3286607
2024-07-27,B0CY5KFQBD,1.3286607
2024-07-27,B0CY5QQ49F,1.2376989
2024-07-27,B0CFV6V981,1.8314114
2024-07-27,B0CY5LR4VX,18.848059
2024-07-28,B0BNL3J36Z,18.861786
2024-07-28,B09MR2FY5D,22.28275
2024-07-28,B09KTMLQ1N,37.53022
2024-07-28,B09KDYY3SB,32.914932
2024-07-28,B09KTFXX6L,19.842379
2024-07-28,B09KSYL73R,14.820382
2024-07-28,B09KSXP3HN,4.4048204
2024-07-28,B09KDZQJ6P,16.517801
2024-07-28,B09KTJRHC7,156.05782
2024-07-28,B09MR3XT5G,129.59651
2024-07-28,B0B31VFJ6Q,3.9079883
2024-07-28,B09X1F1L26,1.3286607
2024-07-28,B09X1F8C23,3.9079883
2024-07-28,B09X1HV1NL,3.9079883
2024-07-28,B0B31Y1FDZ,3.9079883
2024-07-28,B0BG2PD396,3.9079883
2024-07-28,B0BGDX2Z3L,1.3286607
2024-07-28,B0BGDXV7FD,1.2376989
2024-07-28,B0BNKYZD2Z,1.3286607
2024-07-28,B09MR4B13C,1.2376989
2024-07-28,B09KDPXYG3,1.264941
2024-07-28,B09MR56Q9N,1.3286607
2024-07-28,B09KDLQ2GW,1.264941
2024-07-28,B0CR49N6MQ,1.3286607
2024-07-28,B09MR4Z3H8,9.11484
2024-07-28,B0BRCYV77T,14.862507
2024-07-28,B0BRCYK4JK,1.3936586
2024-07-28,B0BRCYJ33N,1.8314114
2024-07-28,B0BRCW79VK,1.2376989
2024-07-28,B0BRCXQMS5,1.2376989
2024-07-28,B0BRCXJRX6,1.264941
2024-07-28,B0BRCXDHBX,3.9079883
2024-07-28,B0BRCXCXCV,3.9079883
2024-07-28,B0BRCXQRC9,1.3286607
2024-07-28,B0C9JLKFPZ,1.3286607
2024-07-28,B0BNKZ88Z5,18.431086
2024-07-28,B0CR4BG4ZW,79.75405
2024-07-28,B0CR49NR3B,27.682993
2024-07-28,B0CR4BGLK5,3.9079883
2024-07-28,B0CR4BK4FW,1.3286607
2024-07-28,B0CR4C5WXS,1.2376989
2024-07-28,B0CR4C98FS,1.2376989
2024-07-28,B0CY5KFQBD,1.2376989
2024-07-28,B0CY5LR4VX,9.11484
2024-07-28,B0BRCW2B64,2.4858887
2024-07-28,B0CFV6V981,1.8314114
2024-07-28,B0BNL5BKMK,1.3286607
2024-07-28,B0CR49BQRS,1.3286607
2024-07-28,B0CY5QQ49F,1.264941
