ID,TARGET
2024-07-01_B09KDR64LT,0
2024-07-01_B09KDTS4DC,0
2024-07-01_B09KDTHJ6V,0
2024-07-01_B09KDQ2BWY,0
2024-07-01_B09KDYY3SB,0
2024-07-01_B09KDNYCYR,0
2024-07-01_B09KDN7PYR,0
2024-07-01_B09KDLQ2GW,0
2024-07-01_B0BDRTZTGX,0
2024-07-01_B09KDVXTP4,0
2024-07-01_B09KDPXYG3,0
2024-07-01_B09KDW1YKQ,0
2024-07-01_B09MR36MLJ,0
2024-07-01_B09KDZQJ6P,0
2024-07-01_B09MR3Y296,0
2024-07-01_B09KSXP3HN,0
2024-07-01_B09KT5HMNY,0
2024-07-01_B09KTF8ZDQ,0
2024-07-01_B09KTFXX6L,0
2024-07-01_B09KTJRHC7,0
2024-07-01_B09KTMKDKJ,0
2024-07-01_B09KTMLQ1N,0
2024-07-01_B09MR2FY5D,0
2024-07-01_B09MR2MLZH,0
2024-07-01_B09MR4B13C,0
2024-07-01_B09KDXJJ6W,0
2024-07-01_B09KSYL73R,0
2024-07-01_B0B31VFJ6Q,0
2024-07-01_B09MR4G722,0
2024-07-01_B09MR3RSW8,0
2024-07-01_B0B31SM3ZR,0
2024-07-01_B0B31R1ZBV,0
2024-07-01_B09X1JTK49,0
2024-07-01_B09X1HV1NL,0
2024-07-01_B09X1H629F,0
2024-07-01_B09X1F1L26,0
2024-07-01_B09X1F8C23,0
2024-07-01_B09X1DHRLN,0
2024-07-01_B09MR5WS3Y,0
2024-07-01_B09MR56Q9N,0
2024-07-01_B0B31T1XMH,0
2024-07-01_B09MR4Z3H8,0
2024-07-01_B09MR4Z3H9,0
2024-07-01_B0B31V3PKG,0
2024-07-01_B0B31VTH56,0
2024-07-01_B0B31Y1FDZ,0
2024-07-01_B0B699PLXD,0
2024-07-01_B0B69B8R3C,0
2024-07-01_B0B69C4GST,0
2024-07-01_B0B69DD2C7,0
2024-07-01_B0B69DK8JN,0
2024-07-01_B0B69FBGN1,0
2024-07-01_B0B69G3YRM,0
2024-07-01_B0B69GN5KJ,0
2024-07-01_B0B69SF1BT,0
2024-07-01_B0BDRQWBK9,0
2024-07-01_B09MR3XT5G,0
2024-07-01_B09X1FWK8Z,0
2024-07-01_B0CY5QQ49F,0
2024-07-01_B0BNKZYHRX,0
2024-07-01_B0BRCXJ1F6,0
2024-07-01_B0BGDWGRQB,0
2024-07-01_B0BGDX2Z3L,0
2024-07-01_B0BGDXM13S,0
2024-07-01_B0BGDXV7FD,0
2024-07-01_B0BGDZLDX2,0
2024-07-01_B0BNKXC5H1,0
2024-07-01_B0BNKY8RQN,0
2024-07-01_B0BNKYZD2Z,0
2024-07-01_B0BNKZ88Z5,0
2024-07-01_B0BNKZCWFL,0
2024-07-01_B0BRCXJRX6,0
2024-07-01_B0BG2Z8CY4,0
2024-07-01_B0BNL5BKMK,0
2024-07-01_B0BNL1CG6X,0
2024-07-01_B0BRCXCXCV,0
2024-07-01_B0BRCW79VK,0
2024-07-01_B0BRCW2B64,0
2024-07-01_B0BNL7TJRT,0
2024-07-01_B0BRCXDHBX,0
2024-07-01_B0BNL4S6MB,0
2024-07-01_B0BNL3YY1C,0
2024-07-01_B0BNL3J36Z,0
2024-07-01_B0BNL4L4K5,0
2024-07-01_B0BDRS6R5Z,0
2024-07-01_B0BNL11QD8,0
2024-07-01_B0BSLTZV4Z,0
2024-07-01_B0BNKZ9BJR,0
2024-07-01_B0BG2T78CJ,0
2024-07-01_B0BRCXQMS5,0
2024-07-01_B0C9JLKFPZ,0
2024-07-01_B0BRCXQRC9,0
2024-07-01_B0BRCXXBG2,0
2024-07-01_B0BRCY8QMH,0
2024-07-01_B0BRCYJ33N,0
2024-07-01_B0BRCYJ4SR,0
2024-07-01_B0BRCYK4JK,0
2024-07-01_B0BRCYQNSW,0
2024-07-01_B0BRCYV77T,0
2024-07-01_B0BRDCBGFD,0
2024-07-01_B0BRDCJWJC,0
2024-07-01_B0BSLTV9FL,0
2024-07-01_B0BSLWJKSX,0
2024-07-01_B0BG2PD396,0
2024-07-01_B0CY5LR4VX,0
2024-07-01_B0CFV6V981,0
2024-07-01_B0CY5KFQBD,0
2024-07-01_B0CR4C98FS,0
2024-07-01_B0CR4C5WXS,0
2024-07-01_B0CR4BGLK5,0
2024-07-01_B0CR4BK4FW,0
2024-07-01_B0CR49NR3B,0
2024-07-01_B0CR49N6MQ,0
2024-07-01_B0CR49BQRS,0
2024-07-01_B0CQVLFPBQ,0
2024-07-01_B0BRCXP7VN,0
2024-07-01_B0CR4BG4ZW,0
2024-07-02_B09KDTHJ6V,0
2024-07-02_B09KDW1YKQ,0
2024-07-02_B09KDVXTP4,0
2024-07-02_B09KDTS4DC,0
2024-07-02_B09KDR64LT,0
2024-07-02_B09KDZQJ6P,0
2024-07-02_B09KDPXYG3,0
2024-07-02_B09KDNYCYR,0
2024-07-02_B09KDN7PYR,0
2024-07-02_B0BDRTZTGX,0
2024-07-02_B09KDXJJ6W,0
2024-07-02_B09KDQ2BWY,0
2024-07-02_B09KDYY3SB,0
2024-07-02_B09KTJRHC7,0
2024-07-02_B09MR3Y296,0
2024-07-02_B09KSYL73R,0
2024-07-02_B09KT5HMNY,0
2024-07-02_B09KTF8ZDQ,0
2024-07-02_B09KTFXX6L,0
2024-07-02_B09KTMKDKJ,0
2024-07-02_B09KTMLQ1N,0
2024-07-02_B09MR2FY5D,0
2024-07-02_B09MR2MLZH,0
2024-07-02_B09MR36MLJ,0
2024-07-02_B09MR3RSW8,0
2024-07-02_B09MR3XT5G,0
2024-07-02_B09KSXP3HN,0
2024-07-02_B09MR4B13C,0
2024-07-02_B09X1F8C23,0
2024-07-02_B09MR4Z3H8,0
2024-07-02_B0B31R1ZBV,0
2024-07-02_B09X1JTK49,0
2024-07-02_B09X1HV1NL,0
2024-07-02_B09X1H629F,0
2024-07-02_B09X1FWK8Z,0
2024-07-02_B09X1DHRLN,0
2024-07-02_B09X1F1L26,0
2024-07-02_B09MR5WS3Y,0
2024-07-02_B09MR56Q9N,0
2024-07-02_B09MR4Z3H9,0
2024-07-02_B0B31T1XMH,0
2024-07-02_B0B31SM3ZR,0
2024-07-02_B09KDLQ2GW,0
2024-07-02_B0B69SF1BT,0
2024-07-02_B0B31VFJ6Q,0
2024-07-02_B0B31VTH56,0
2024-07-02_B0B31Y1FDZ,0
2024-07-02_B0B699PLXD,0
2024-07-02_B0B69B8R3C,0
2024-07-02_B0B69C4GST,0
2024-07-02_B0B69DD2C7,0
2024-07-02_B0B69DK8JN,0
2024-07-02_B0B69FBGN1,0
2024-07-02_B0B69G3YRM,0
2024-07-02_B0B69GN5KJ,0
2024-07-02_B09MR4G722,0
2024-07-02_B0B31V3PKG,0
2024-07-02_B0BDRQWBK9,0
2024-07-02_B0BG2PD396,0
2024-07-02_B0BSLWJKSX,0
2024-07-02_B0BG2T78CJ,0
2024-07-02_B0BG2Z8CY4,0
2024-07-02_B0BGDWGRQB,0
2024-07-02_B0BGDX2Z3L,0
2024-07-02_B0BGDXM13S,0
2024-07-02_B0BGDXV7FD,0
2024-07-02_B0BGDZLDX2,0
2024-07-02_B0BNKY8RQN,0
2024-07-02_B0BNKYZD2Z,0
2024-07-02_B0BNKZ88Z5,0
2024-07-02_B0BNKZ9BJR,0
2024-07-02_B0BNKZCWFL,0
2024-07-02_B0BNKZYHRX,0
2024-07-02_B0BNKXC5H1,0
2024-07-02_B0BNL7TJRT,0
2024-07-02_B0BNL1CG6X,0
2024-07-02_B0BRCXDHBX,0
2024-07-02_B0BRCXCXCV,0
2024-07-02_B0BRCW79VK,0
2024-07-02_B0BRCW2B64,0
2024-07-02_B0BRCXJ1F6,0
2024-07-02_B0BNL5BKMK,0
2024-07-02_B0BNL4L4K5,0
2024-07-02_B0BNL3YY1C,0
2024-07-02_B0BNL3J36Z,0
2024-07-02_B0BDRS6R5Z,0
2024-07-02_B0BNL11QD8,0
2024-07-02_B0BRCXJRX6,0
2024-07-02_B0BNL4S6MB,0
2024-07-02_B0BRCXQMS5,0
2024-07-02_B0CY5QQ49F,0
2024-07-02_B0BRCXXBG2,0
2024-07-02_B0BRCY8QMH,0
2024-07-02_B0BRCYJ33N,0
2024-07-02_B0BRCYJ4SR,0
2024-07-02_B0BRCYK4JK,0
2024-07-02_B0BRCYQNSW,0
2024-07-02_B0BRCYV77T,0
2024-07-02_B0BRDCBGFD,0
2024-07-02_B0BRDCJWJC,0
2024-07-02_B0BSLTV9FL,0
2024-07-02_B0BSLTZV4Z,0
2024-07-02_B0C9JLKFPZ,0
2024-07-02_B0BRCXQRC9,0
2024-07-02_B0CFV6V981,0
2024-07-02_B0BRCXP7VN,0
2024-07-02_B0CY5LR4VX,0
2024-07-02_B0CY5KFQBD,0
2024-07-02_B0CR4C98FS,0
2024-07-02_B0CR4BK4FW,0
2024-07-02_B0CR4C5WXS,0
2024-07-02_B0CR4BG4ZW,0
2024-07-02_B0CR49NR3B,0
2024-07-02_B0CR49N6MQ,0
2024-07-02_B0CR49BQRS,0
2024-07-02_B0CQVLFPBQ,0
2024-07-02_B0CR4BGLK5,0
2024-07-03_B09KDVXTP4,0
2024-07-03_B09KDXJJ6W,0
2024-07-03_B09KDW1YKQ,0
2024-07-03_B09KDTS4DC,0
2024-07-03_B09KDN7PYR,0
2024-07-03_B09KDR64LT,0
2024-07-03_B09KDQ2BWY,0
2024-07-03_B09KDPXYG3,0
2024-07-03_B09KDNYCYR,0
2024-07-03_B09KDTHJ6V,0
2024-07-03_B09KDYY3SB,0
2024-07-03_B09KTF8ZDQ,0
2024-07-03_B09KDZQJ6P,0
2024-07-03_B09KSXP3HN,0
2024-07-03_B09KSYL73R,0
2024-07-03_B09KT5HMNY,0
2024-07-03_B09KTFXX6L,0
2024-07-03_B09KTJRHC7,0
2024-07-03_B09KTMKDKJ,0
2024-07-03_B09KTMLQ1N,0
2024-07-03_B09MR2FY5D,0
2024-07-03_B09MR2MLZH,0
2024-07-03_B09MR36MLJ,0
2024-07-03_B09MR3XT5G,0
2024-07-03_B09KDLQ2GW,0
2024-07-03_B09MR3Y296,0
2024-07-03_B0B31VFJ6Q,0
2024-07-03_B09MR4G722,0
2024-07-03_B09MR3RSW8,0
2024-07-03_B09X1F1L26,0
2024-07-03_B0B31SM3ZR,0
2024-07-03_B0B31R1ZBV,0
2024-07-03_B09X1JTK49,0
2024-07-03_B09X1HV1NL,0
2024-07-03_B09X1F8C23,0
2024-07-03_B09MR4Z3H8,0
2024-07-03_B09MR5WS3Y,0
2024-07-03_B09MR5Q6HJ,0
2024-07-03_B09MR56Q9N,0
2024-07-03_B09MR4Z3H9,0
2024-07-03_B0B31T1XMH,0
2024-07-03_B0B69B8R3C,0
2024-07-03_B0B31VTH56,0
2024-07-03_B0B31Y1FDZ,0
2024-07-03_B0B699PLXD,0
2024-07-03_B09MR4B13C,0
2024-07-03_B0B69C4GST,0
2024-07-03_B0B69DD2C7,0
2024-07-03_B0B69DK8JN,0
2024-07-03_B0B69FBGN1,0
2024-07-03_B0B69GN5KJ,0
2024-07-03_B0B69SF1BT,0
2024-07-03_B0BDRQWBK9,0
2024-07-03_B0BDRTZTGX,0
2024-07-03_B0BDRS6R5Z,0
2024-07-03_B0B31V3PKG,0
2024-07-03_B0BG2PD396,0
2024-07-03_B0BNKZKGFG,0
2024-07-03_B0BRCXDHBX,0
2024-07-03_B0BG2T78CJ,0
2024-07-03_B0BG2Z8CY4,0
2024-07-03_B0BGDWGRQB,0
2024-07-03_B0BGDX2Z3L,0
2024-07-03_B0BGDXM13S,0
2024-07-03_B0BGDXV7FD,0
2024-07-03_B0BGDZLDX2,0
2024-07-03_B0BNKYZD2Z,0
2024-07-03_B0BNKZ88Z5,0
2024-07-03_B0BNKZ9BJR,0
2024-07-03_B0BNKZCWFL,0
2024-07-03_B0BNL43XHH,0
2024-07-03_B0BNKXC5H1,0
2024-07-03_B0BNL11QD8,0
2024-07-03_B0BNL4Y2J9,0
2024-07-03_B0BRCW79VK,0
2024-07-03_B0BRCW2B64,0
2024-07-03_B0BNL7TJRT,0
2024-07-03_B0BNL5BKMK,0
2024-07-03_B0BRCXCXCV,0
2024-07-03_B0BNL4S6MB,0
2024-07-03_B0BNL3RDG4,0
2024-07-03_B0BNL3J36Z,0
2024-07-03_B0BRCXJ1F6,0
2024-07-03_B0BRDCJWJC,0
2024-07-03_B0CFV6V981,0
2024-07-03_B0BG2QXQ9V,0
2024-07-03_B0BRCXJRX6,0
2024-07-03_B0BRCXQMS5,0
2024-07-03_B0BRCXQRC9,0
2024-07-03_B0BRCXSTKW,0
2024-07-03_B0BRCXXBG2,0
2024-07-03_B0BRCY8QMH,0
2024-07-03_B0BRCYJ33N,0
2024-07-03_B0BRCXP7VN,0
2024-07-03_B0BRCYK4JK,0
2024-07-03_B0BRCYQNSW,0
2024-07-03_B0BRCYV77T,0
2024-07-03_B0BRDCBGFD,0
2024-07-03_B0BRCYJ4SR,0
2024-07-03_B0C9JLKFPZ,0
2024-07-03_B0BSLWJKSX,0
2024-07-03_B0CY5LR4VX,0
2024-07-03_B0CY5KFQBD,0
2024-07-03_B0CR4C98FS,0
2024-07-03_B0CR4C5WXS,0
2024-07-03_B0CY5QQ49F,0
2024-07-03_B0CR4BGLK5,0
2024-07-03_B0CR4BG4ZW,0
2024-07-03_B0CR49NR3B,0
2024-07-03_B0CR49N6MQ,0
2024-07-03_B0CR49BQRS,0
2024-07-03_B0CR4BK4FW,0
2024-07-04_B09KDW1YKQ,0
2024-07-04_B09KDVXTP4,0
2024-07-04_B09KDTS4DC,0
2024-07-04_B09KDTHJ6V,0
2024-07-04_B09KDPXYG3,0
2024-07-04_B09KDQ2BWY,0
2024-07-04_B09KDNYCYR,0
2024-07-04_B09KDN7PYR,0
2024-07-04_B09MR3Y296,0
2024-07-04_B09KDR64LT,0
2024-07-04_B09KDXJJ6W,0
2024-07-04_B09MR36MLJ,0
2024-07-04_B09KDZQJ6P,0
2024-07-04_B09KSXP3HN,0
2024-07-04_B09KSYL73R,0
2024-07-04_B09KT5HMNY,0
2024-07-04_B09KTF8ZDQ,0
2024-07-04_B09KTFXX6L,0
2024-07-04_B09KTJRHC7,0
2024-07-04_B09KTMKDKJ,0
2024-07-04_B09KTMLQ1N,0
2024-07-04_B09MR2FY5D,0
2024-07-04_B09MR2MLZH,0
2024-07-04_B09MR4B13C,0
2024-07-04_B09KDYY3SB,0
2024-07-04_B09KDLQ2GW,0
2024-07-04_B0B69C4GST,0
2024-07-04_B0BDRS6R5Z,0
2024-07-04_B09MR3RSW8,0
2024-07-04_B09X1F8C23,0
2024-07-04_B0B31T1XMH,0
2024-07-04_B0B31SM3ZR,0
2024-07-04_B0B31R1ZBV,0
2024-07-04_B09X1JTK49,0
2024-07-04_B09X1HV1NL,0
2024-07-04_B09MR4Z3H9,0
2024-07-04_B09X1F1L26,0
2024-07-04_B09MR5WS3Y,0
2024-07-04_B09MR5Q6HJ,0
2024-07-04_B09MR56Q9N,0
2024-07-04_B0B31VFJ6Q,0
2024-07-04_B0B31V3PKG,0
2024-07-04_B0B31VTH56,0
2024-07-04_B0B31Y1FDZ,0
2024-07-04_B0B699PLXD,0
2024-07-04_B0B69B8R3C,0
2024-07-04_B09MR4G722,0
2024-07-04_B0B69DD2C7,0
2024-07-04_B0B69DK8JN,0
2024-07-04_B0B69FBGN1,0
2024-07-04_B0B69GN5KJ,0
2024-07-04_B0B69SF1BT,0
2024-07-04_B0BDRQWBK9,0
2024-07-04_B09MR4Z3H8,0
2024-07-04_B09MR3XT5G,0
2024-07-04_B0BDRTZTGX,0
2024-07-04_B0BG2PD396,0
2024-07-04_B0BRCXJRX6,0
2024-07-04_B0BNL11QD8,0
2024-07-04_B0BRCXJ1F6,0
2024-07-04_B0BGDWGRQB,0
2024-07-04_B0BGDX2Z3L,0
2024-07-04_B0BGDXM13S,0
2024-07-04_B0BGDXV7FD,0
2024-07-04_B0BGDZLDX2,0
2024-07-04_B0BNKXC5H1,0
2024-07-04_B0BNKYZD2Z,0
2024-07-04_B0BNKZ88Z5,0
2024-07-04_B0BNKZ9BJR,0
2024-07-04_B0BNKZCWFL,0
2024-07-04_B0BNKZKGFG,0
2024-07-04_B0BG2Z8CY4,0
2024-07-04_B0BNL3J36Z,0
2024-07-04_B0BNL5BKMK,0
2024-07-04_B0BRCXDHBX,0
2024-07-04_B0BRCXCXCV,0
2024-07-04_B0BRCW79VK,0
2024-07-04_B0BNL7TJRT,0
2024-07-04_B0BRCW2B64,0
2024-07-04_B0BNL4Y2J9,0
2024-07-04_B0BNL4S6MB,0
2024-07-04_B0BNL43XHH,0
2024-07-04_B0BSLWJKSX,0
2024-07-04_B0BRCXQMS5,0
2024-07-04_B0BNL3RDG4,0
2024-07-04_B0CY5QQ49F,0
2024-07-04_B0BG2QXQ9V,0
2024-07-04_B0BRCXP7VN,0
2024-07-04_B0BRCXQRC9,0
2024-07-04_B0BRCXSTKW,0
2024-07-04_B0BRCXXBG2,0
2024-07-04_B0BRCY8QMH,0
2024-07-04_B0BRCYJ33N,0
2024-07-04_B0BG2T78CJ,0
2024-07-04_B0BRCYK4JK,0
2024-07-04_B0BRCYQNSW,0
2024-07-04_B0BRCYV77T,0
2024-07-04_B0BRDCBGFD,0
2024-07-04_B0BRCYJ4SR,0
2024-07-04_B0C9JLKFPZ,0
2024-07-04_B0BRDCJWJC,0
2024-07-04_B0CY5KFQBD,0
2024-07-04_B0CR4C98FS,0
2024-07-04_B0CR4C5WXS,0
2024-07-04_B0CR4BK4FW,0
2024-07-04_B0CY5LR4VX,0
2024-07-04_B0CR4BG4ZW,0
2024-07-04_B0CR49NR3B,0
2024-07-04_B0CR49N6MQ,0
2024-07-04_B0CR49BQRS,0
2024-07-04_B0CFV6V981,0
2024-07-04_B0CR4BGLK5,0
2024-07-05_B09KDW1YKQ,0
2024-07-05_B09KDVXTP4,0
2024-07-05_B09KDTS4DC,0
2024-07-05_B09KDTHJ6V,0
2024-07-05_B09KDPXYG3,0
2024-07-05_B09KDQ2BWY,0
2024-07-05_B0BG2PD396,0
2024-07-05_B09KDN7PYR,0
2024-07-05_B09MR3Y296,0
2024-07-05_B09KDR64LT,0
2024-07-05_B09KDXJJ6W,0
2024-07-05_B09MR36MLJ,0
2024-07-05_B09KDZQJ6P,0
2024-07-05_B09KSXP3HN,0
2024-07-05_B09KSYL73R,0
2024-07-05_B09KT5HMNY,0
2024-07-05_B09KTF8ZDQ,0
2024-07-05_B09KTFXX6L,0
2024-07-05_B09KTJRHC7,0
2024-07-05_B09KTMKDKJ,0
2024-07-05_B09KTMLQ1N,0
2024-07-05_B09MR2FY5D,0
2024-07-05_B09MR2MLZH,0
2024-07-05_B09MR4B13C,0
2024-07-05_B09KDYY3SB,0
2024-07-05_B09KDNYCYR,0
2024-07-05_B0BDRS6R5Z,0
2024-07-05_B09MR4G722,0
2024-07-05_B09MR3RSW8,0
2024-07-05_B09X1F8C23,0
2024-07-05_B0B31T1XMH,0
2024-07-05_B0B31SM3ZR,0
2024-07-05_B0B31R1ZBV,0
2024-07-05_B09X1JTK49,0
2024-07-05_B09X1HV1NL,0
2024-07-05_B09MR5WS3Y,0
2024-07-05_B09X1F1L26,0
2024-07-05_B0B31VFJ6Q,0
2024-07-05_B09MR5Q6HJ,0
2024-07-05_B09MR56Q9N,0
2024-07-05_B09MR4Z3H9,0
2024-07-05_B0B31V3PKG,0
2024-07-05_B0B31VTH56,0
2024-07-05_B0B31Y1FDZ,0
2024-07-05_B0B699PLXD,0
2024-07-05_B0B69B8R3C,0
2024-07-05_B0B69C4GST,0
2024-07-05_B0B69DD2C7,0
2024-07-05_B0B69DK8JN,0
2024-07-05_B0B69FBGN1,0
2024-07-05_B09KDLQ2GW,0
2024-07-05_B0B69SF1BT,0
2024-07-05_B0BDRQWBK9,0
2024-07-05_B09MR4Z3H8,0
2024-07-05_B09MR3XT5G,0
2024-07-05_B0BRCXSTKW,0
2024-07-05_B0B69GN5KJ,0
2024-07-05_B0BRCXJRX6,0
2024-07-05_B0BNL11QD8,0
2024-07-05_B0BRCXJ1F6,0
2024-07-05_B0BGDWGRQB,0
2024-07-05_B0BGDX2Z3L,0
2024-07-05_B0BGDXM13S,0
2024-07-05_B0BGDXV7FD,0
2024-07-05_B0BGDZLDX2,0
2024-07-05_B0BNKXC5H1,0
2024-07-05_B0BNKYZD2Z,0
2024-07-05_B0BNKZ88Z5,0
2024-07-05_B0BNKZ9BJR,0
2024-07-05_B0BNKZCWFL,0
2024-07-05_B0BNKZKGFG,0
2024-07-05_B0BG2Z8CY4,0
2024-07-05_B0BNL3J36Z,0
2024-07-05_B0BNL5BKMK,0
2024-07-05_B0BRCXDHBX,0
2024-07-05_B0BRCXCXCV,0
2024-07-05_B0BRCW79VK,0
2024-07-05_B0BNL7TJRT,0
2024-07-05_B0BRCW2B64,0
2024-07-05_B0BNL4Y2J9,0
2024-07-05_B0BDRTZTGX,0
2024-07-05_B0BNL43XHH,0
2024-07-05_B0BSLWJKSX,0
2024-07-05_B0BRCXQMS5,0
2024-07-05_B0BNL4S6MB,0
2024-07-05_B0CY5QQ49F,0
2024-07-05_B0BG2T78CJ,0
2024-07-05_B0BRCXP7VN,0
2024-07-05_B0BRCXQRC9,0
2024-07-05_B0BNL3RDG4,0
2024-07-05_B0BRCXXBG2,0
2024-07-05_B0BRCY8QMH,0
2024-07-05_B0BRCYJ33N,0
2024-07-05_B0BRCYJ4SR,0
2024-07-05_B0BRCYK4JK,0
2024-07-05_B0BRCYQNSW,0
2024-07-05_B0BRCYV77T,0
2024-07-05_B0BRDCBGFD,0
2024-07-05_B0BG2QXQ9V,0
2024-07-05_B0C9JLKFPZ,0
2024-07-05_B0CY5LR4VX,0
2024-07-05_B0CY5KFQBD,0
2024-07-05_B0CR4C98FS,0
2024-07-05_B0BRDCJWJC,0
2024-07-05_B0CR4BK4FW,0
2024-07-05_B0CR4C5WXS,0
2024-07-05_B0CR4BG4ZW,0
2024-07-05_B0CR49NR3B,0
2024-07-05_B0CR49N6MQ,0
2024-07-05_B0CR49BQRS,0
2024-07-05_B0CFV6V981,0
2024-07-05_B0CR4BGLK5,0
2024-07-06_B09KDVXTP4,0
2024-07-06_B09KDTS4DC,0
2024-07-06_B09KDTHJ6V,0
2024-07-06_B09KDR64LT,0
2024-07-06_B0B69GN5KJ,0
2024-07-06_B09KDPXYG3,0
2024-07-06_B09KDNYCYR,0
2024-07-06_B09KDN7PYR,0
2024-07-06_B09KDLQ2GW,0
2024-07-06_B09KDQ2BWY,0
2024-07-06_B09KDW1YKQ,0
2024-07-06_B09KTF8ZDQ,0
2024-07-06_B09KDYY3SB,0
2024-07-06_B09KSXP3HN,0
2024-07-06_B09KSYL73R,0
2024-07-06_B09KT5HMNY,0
2024-07-06_B09KTFXX6L,0
2024-07-06_B09KTJRHC7,0
2024-07-06_B09KTMKDKJ,0
2024-07-06_B09KTMLQ1N,0
2024-07-06_B09MR2FY5D,0
2024-07-06_B09MR2MLZH,0
2024-07-06_B09MR36MLJ,0
2024-07-06_B09KDXJJ6W,0
2024-07-06_B09MR3RSW8,0
2024-07-06_B0B31R1ZBV,0
2024-07-06_B09MR3Y296,0
2024-07-06_B09X1HV1NL,0
2024-07-06_B09MR4B13C,0
2024-07-06_B09MR4G722,0
2024-07-06_B09MR4Z3H8,0
2024-07-06_B09MR4Z3H9,0
2024-07-06_B09MR56Q9N,0
2024-07-06_B09MR5Q6HJ,0
2024-07-06_B09MR5WS3Y,0
2024-07-06_B09X1DHRLN,0
2024-07-06_B09X1F1L26,0
2024-07-06_B09X1F8C23,0
2024-07-06_B0B69DD2C7,0
2024-07-06_B09X1JTK49,0
2024-07-06_B0B31SM3ZR,0
2024-07-06_B0B31T1XMH,0
2024-07-06_B0B31V3PKG,0
2024-07-06_B0B31VFJ6Q,0
2024-07-06_B0B31VTH56,0
2024-07-06_B0B31Y1FDZ,0
2024-07-06_B0B699PLXD,0
2024-07-06_B0B69B8R3C,0
2024-07-06_B0B69C4GST,0
2024-07-06_B09MR3XT5G,0
2024-07-06_B09KDZQJ6P,0
2024-07-06_B0B69DK8JN,0
2024-07-06_B0B69SF1BT,0
2024-07-06_B0BRCXQRC9,0
2024-07-06_B0BRCXP7VN,0
2024-07-06_B0BDRQWBK9,0
2024-07-06_B0BDRTZTGX,0
2024-07-06_B0BG2PD396,0
2024-07-06_B0BG2T78CJ,0
2024-07-06_B0BG2VYWSG,0
2024-07-06_B0BGDWGRQB,0
2024-07-06_B0BGDXM13S,0
2024-07-06_B0BGDXV7FD,0
2024-07-06_B0BGDZLDX2,0
2024-07-06_B0BGDX2Z3L,0
2024-07-06_B0BNKZ9BJR,0
2024-07-06_B0BNL7TJRT,0
2024-07-06_B0BRCXDHBX,0
2024-07-06_B0BRCXCXCV,0
2024-07-06_B0BRCW79VK,0
2024-07-06_B0BRCW2B64,0
2024-07-06_B0BRCXJRX6,0
2024-07-06_B0BNL5BKMK,0
2024-07-06_B0BNL4Y2J9,0
2024-07-06_B0BNL3J36Z,0
2024-07-06_B0BNKZCWFL,0
2024-07-06_B0B69FBGN1,0
2024-07-06_B0BNKZ88Z5,0
2024-07-06_B0BRCXQMS5,0
2024-07-06_B0BNKYZD2Z,0
2024-07-06_B0BRCXSTKW,0
2024-07-06_B0BSLWJKSX,0
2024-07-06_B0BRCY8QMH,0
2024-07-06_B0BRCYJ33N,0
2024-07-06_B0BRCYJ4SR,0
2024-07-06_B0BRCYK4JK,0
2024-07-06_B0BRCYQNSW,0
2024-07-06_B0BRCYV77T,0
2024-07-06_B0BRDCBGFD,0
2024-07-06_B0BRDCJWJC,0
2024-07-06_B0BSLTV9FL,0
2024-07-06_B0C9JLKFPZ,0
2024-07-06_B0CFV6V981,0
2024-07-06_B0BRCXXBG2,0
2024-07-06_B0CR49N6MQ,0
2024-07-06_B0CR49NR3B,0
2024-07-06_B0CR4BG4ZW,0
2024-07-06_B0CR4BGLK5,0
2024-07-06_B0CR4BK4FW,0
2024-07-06_B0CR4C5WXS,0
2024-07-06_B0CR4C98FS,0
2024-07-06_B0CY5KFQBD,0
2024-07-06_B0CY5LR4VX,0
2024-07-06_B0CY5QQ49F,0
2024-07-06_B0CR49BQRS,0
2024-07-07_B09MR36MLJ,0
2024-07-07_B09KDVXTP4,0
2024-07-07_B09KDTS4DC,0
2024-07-07_B09KDTHJ6V,0
2024-07-07_B09KDR64LT,0
2024-07-07_B0B69GN5KJ,0
2024-07-07_B09KDPXYG3,0
2024-07-07_B09KDNYCYR,0
2024-07-07_B09KDN7PYR,0
2024-07-07_B09KDW1YKQ,0
2024-07-07_B09KDQ2BWY,0
2024-07-07_B09KDXJJ6W,0
2024-07-07_B09KT5HMNY,0
2024-07-07_B09KDZQJ6P,0
2024-07-07_B09KSXP3HN,0
2024-07-07_B09KSYL73R,0
2024-07-07_B09MR2MLZH,0
2024-07-07_B09KTF8ZDQ,0
2024-07-07_B09KTFXX6L,0
2024-07-07_B09KTJRHC7,0
2024-07-07_B09KTMKDKJ,0
2024-07-07_B09KTMLQ1N,0
2024-07-07_B09MR2FY5D,0
2024-07-07_B09KDYY3SB,0
2024-07-07_B09MR3RSW8,0
2024-07-07_B09MR4B13C,0
2024-07-07_B09MR3Y296,0
2024-07-07_B09X1JTK49,0
2024-07-07_B09MR4G722,0
2024-07-07_B09MR4Z3H8,0
2024-07-07_B09MR4Z3H9,0
2024-07-07_B09MR56Q9N,0
2024-07-07_B09MR5Q6HJ,0
2024-07-07_B09MR5WS3Y,0
2024-07-07_B09X1DHRLN,0
2024-07-07_B09X1F1L26,0
2024-07-07_B09X1F8C23,0
2024-07-07_B09X1HV1NL,0
2024-07-07_B0B31VTH56,0
2024-07-07_B0B31R1ZBV,0
2024-07-07_B0B31SM3ZR,0
2024-07-07_B0B31T1XMH,0
2024-07-07_B0B31V3PKG,0
2024-07-07_B09MR3XT5G,0
2024-07-07_B0B31Y1FDZ,0
2024-07-07_B0B699PLXD,0
2024-07-07_B0B69B8R3C,0
2024-07-07_B0B69C4GST,0
2024-07-07_B0B69DD2C7,0
2024-07-07_B0B69DK8JN,0
2024-07-07_B09KDLQ2GW,0
2024-07-07_B0B69FBGN1,0
2024-07-07_B0BRCYV77T,0
2024-07-07_B0B69SF1BT,0
2024-07-07_B0BDRTZTGX,0
2024-07-07_B0BG2PD396,0
2024-07-07_B0BG2T78CJ,0
2024-07-07_B0BG2VYWSG,0
2024-07-07_B0BGDWGRQB,0
2024-07-07_B0BGDX2Z3L,0
2024-07-07_B0BDRQWBK9,0
2024-07-07_B0BGDXV7FD,0
2024-07-07_B0BGDZLDX2,0
2024-07-07_B0BNKYZD2Z,0
2024-07-07_B0BGDXM13S,0
2024-07-07_B0BNKZ9BJR,0
2024-07-07_B0BRCW2B64,0
2024-07-07_B0BNKZCWFL,0
2024-07-07_B0BRCXDHBX,0
2024-07-07_B0BRCXCXCV,0
2024-07-07_B0BRCW79VK,0
2024-07-07_B0BRCXJRX6,0
2024-07-07_B0BNL7TJRT,0
2024-07-07_B0BNL5BKMK,0
2024-07-07_B0BNL4Y2J9,0
2024-07-07_B0BNL3J36Z,0
2024-07-07_B0B31VFJ6Q,0
2024-07-07_B0BNKZ88Z5,0
2024-07-07_B0BRCXQMS5,0
2024-07-07_B0BRCXP7VN,0
2024-07-07_B0BRCXSTKW,0
2024-07-07_B0BRCXQRC9,0
2024-07-07_B0BRCXXBG2,0
2024-07-07_B0BRCY8QMH,0
2024-07-07_B0BRCYJ33N,0
2024-07-07_B0BRCYJ4SR,0
2024-07-07_B0BRCYK4JK,0
2024-07-07_B0CY5QQ49F,0
2024-07-07_B0BRDCBGFD,0
2024-07-07_B0BRDCJWJC,0
2024-07-07_B0BSLTV9FL,0
2024-07-07_B0BSLWJKSX,0
2024-07-07_B0BRCYQNSW,0
2024-07-07_B0CFV6V981,0
2024-07-07_B0CR49BQRS,0
2024-07-07_B0CR49N6MQ,0
2024-07-07_B0CR49NR3B,0
2024-07-07_B0CR4BG4ZW,0
2024-07-07_B0CR4BGLK5,0
2024-07-07_B0CR4BK4FW,0
2024-07-07_B0CR4C5WXS,0
2024-07-07_B0CR4C98FS,0
2024-07-07_B0CY5KFQBD,0
2024-07-07_B0C9JLKFPZ,0
2024-07-07_B0CY5LR4VX,0
2024-07-08_B09KDTHJ6V,0
2024-07-08_B09KDR64LT,0
2024-07-08_B09KDQ2BWY,0
2024-07-08_B09KDPXYG3,0
2024-07-08_B09MR36MLJ,0
2024-07-08_B09KDN7PYR,0
2024-07-08_B0B69SF1BT,0
2024-07-08_B09KDLQ2GW,0
2024-07-08_B09KDNYCYR,0
2024-07-08_B09KDTS4DC,0
2024-07-08_B09KTMLQ1N,0
2024-07-08_B09KDW1YKQ,0
2024-07-08_B09KDXJJ6W,0
2024-07-08_B09KDYY3SB,0
2024-07-08_B09KDZQJ6P,0
2024-07-08_B09KSYL73R,0
2024-07-08_B09KT5HMNY,0
2024-07-08_B09KTF8ZDQ,0
2024-07-08_B09KTFXX6L,0
2024-07-08_B09KTJRHC7,0
2024-07-08_B09MR3RSW8,0
2024-07-08_B09KDVXTP4,0
2024-07-08_B09KTMKDKJ,0
2024-07-08_B09X1HV1NL,0
2024-07-08_B0B69FBGN1,0
2024-07-08_B09MR2FY5D,0
2024-07-08_B09MR56Q9N,0
2024-07-08_B09X1DHRLN,0
2024-07-08_B09MR5WS3Y,0
2024-07-08_B09MR5Q6HJ,0
2024-07-08_B09MR4G722,0
2024-07-08_B09MR4Z3H9,0
2024-07-08_B09MR4Z3H8,0
2024-07-08_B09X1F8C23,0
2024-07-08_B09MR4B13C,0
2024-07-08_B09MR3Y296,0
2024-07-08_B09X1F1L26,0
2024-07-08_B09X1JTK49,0
2024-07-08_B0B31R1ZBV,0
2024-07-08_B09MR3XT5G,0
2024-07-08_B0B31V3PKG,0
2024-07-08_B0B31VFJ6Q,0
2024-07-08_B0B31Y1FDZ,0
2024-07-08_B0B699PLXD,0
2024-07-08_B0B69C4GST,0
2024-07-08_B0B69DD2C7,0
2024-07-08_B0B69DK8JN,0
2024-07-08_B0B31T1XMH,0
2024-07-08_B09KSXP3HN,0
2024-07-08_B0BDRQWBK9,0
2024-07-08_B0BGDZLDX2,0
2024-07-08_B0BNKZ9BJR,0
2024-07-08_B0BRCXP7VN,0
2024-07-08_B0BG2Z8CY4,0
2024-07-08_B0BGDWGRQB,0
2024-07-08_B0BGDX2Z3L,0
2024-07-08_B0BGDXM13S,0
2024-07-08_B0BGDXV7FD,0
2024-07-08_B0BNKYZD2Z,0
2024-07-08_B0BNKZ88Z5,0
2024-07-08_B0BDRTZTGX,0
2024-07-08_B0BNL13PNY,0
2024-07-08_B0BRCW2B64,0
2024-07-08_B0BRCXDHBX,0
2024-07-08_B0BRCXCXCV,0
2024-07-08_B0BRCW79VK,0
2024-07-08_B0BRCXJRX6,0
2024-07-08_B0BNL5BKMK,0
2024-07-08_B0BNL4Y2J9,0
2024-07-08_B0BNL4CB4X,0
2024-07-08_B0B69GN5KJ,0
2024-07-08_B0BNL3J36Z,0
2024-07-08_B0BRCXQMS5,0
2024-07-08_B0CFV6V981,0
2024-07-08_B0BG2PD396,0
2024-07-08_B0BDRS6R5Z,0
2024-07-08_B0CR49BQRS,0
2024-07-08_B0BRCXXBG2,0
2024-07-08_B0BRCY8QMH,0
2024-07-08_B0BRCYJ33N,0
2024-07-08_B0BRCYJ4SR,0
2024-07-08_B0BRCYK4JK,0
2024-07-08_B0BRCYQNSW,0
2024-07-08_B0BRCYV77T,0
2024-07-08_B0BRCXSTKW,0
2024-07-08_B0BRDCJWJC,0
2024-07-08_B0C9JLKFPZ,0
2024-07-08_B0CR49N6MQ,0
2024-07-08_B0BRDCBGFD,0
2024-07-08_B0CR49NR3B,0
2024-07-08_B0CY5QQ49F,0
2024-07-08_B0BRCXQRC9,0
2024-07-08_B0CY5KFQBD,0
2024-07-08_B0CR4C98FS,0
2024-07-08_B0CY5LR4VX,0
2024-07-08_B0CR4BK4FW,0
2024-07-08_B0CR4BGLK5,0
2024-07-08_B0CR4BG4ZW,0
2024-07-08_B0CR4C5WXS,0
2024-07-09_B09KDTS4DC,0
2024-07-09_B0BDRS6R5Z,0
2024-07-09_B09KDLQ2GW,0
2024-07-09_B09KDN7PYR,0
2024-07-09_B09KDNYCYR,0
2024-07-09_B09KDQ2BWY,0
2024-07-09_B09KDR64LT,0
2024-07-09_B09KDXJJ6W,0
2024-07-09_B09KDTHJ6V,0
2024-07-09_B09KDVXTP4,0
2024-07-09_B09MR2FY5D,0
2024-07-09_B09KDYY3SB,0
2024-07-09_B09MR36MLJ,0
2024-07-09_B09KSXP3HN,0
2024-07-09_B09KT5HMNY,0
2024-07-09_B09KTF8ZDQ,0
2024-07-09_B09KTFXX6L,0
2024-07-09_B09KTJRHC7,0
2024-07-09_B09KTMKDKJ,0
2024-07-09_B09KTMLQ1N,0
2024-07-09_B09MR3RSW8,0
2024-07-09_B09KDW1YKQ,0
2024-07-09_B09KDZQJ6P,0
2024-07-09_B09X1JTK49,0
2024-07-09_B09MR3XT5G,0
2024-07-09_B09MR4G722,0
2024-07-09_B09MR4Z3H8,0
2024-07-09_B09MR4Z3H9,0
2024-07-09_B09MR56Q9N,0
2024-07-09_B09MR5WS3Y,0
2024-07-09_B09X1DHRLN,0
2024-07-09_B09X1F1L26,0
2024-07-09_B09X1F8C23,0
2024-07-09_B09X1HV1NL,0
2024-07-09_B09MR4B13C,0
2024-07-09_B0B31VFJ6Q,0
2024-07-09_B0B31R1ZBV,0
2024-07-09_B0B31SM3ZR,0
2024-07-09_B0B31T1XMH,0
2024-07-09_B0B31V3PKG,0
2024-07-09_B0B31Y1FDZ,0
2024-07-09_B0B699PLXD,0
2024-07-09_B0B69C4GST,0
2024-07-09_B0B69DD2C7,0
2024-07-09_B0B69DK8JN,0
2024-07-09_B0B69N4B1S,0
2024-07-09_B09MR3Y296,0
2024-07-09_B09MR2MLZH,0
2024-07-09_B09KSYL73R,0
2024-07-09_B0BNKYZD2Z,0
2024-07-09_B0BNL13PNY,0
2024-07-09_B0BRCXP7VN,0
2024-07-09_B0BG2T78CJ,0
2024-07-09_B0BGDWGRQB,0
2024-07-09_B0BGDX2Z3L,0
2024-07-09_B0BGDXM13S,0
2024-07-09_B0BGDXV7FD,0
2024-07-09_B0BGDZLDX2,0
2024-07-09_B0BNKZ88Z5,0
2024-07-09_B0BNKZ9BJR,0
2024-07-09_B0BRCXQMS5,0
2024-07-09_B0BG2PD396,0
2024-07-09_B0BNL3RDG4,0
2024-07-09_B0BRCXJRX6,0
2024-07-09_B0BNL4Y2J9,0
2024-07-09_B0BNL5BKMK,0
2024-07-09_B0BRCW2B64,0
2024-07-09_B0BRCW79VK,0
2024-07-09_B0BRCXCXCV,0
2024-07-09_B0BRCXDHBX,0
2024-07-09_B0BNL3J36Z,0
2024-07-09_B0BDRQWBK9,0
2024-07-09_B0BNL1CG6X,0
2024-07-09_B0CY5QQ49F,0
2024-07-09_B0BNKZBJX2,0
2024-07-09_B0CY5LR4VX,0
2024-07-09_B0BRCXSTKW,0
2024-07-09_B0BDRTZTGX,0
2024-07-09_B0BRCXQRC9,0
2024-07-09_B0BRCXXBG2,0
2024-07-09_B0BRCY8QMH,0
2024-07-09_B0BRCYJ33N,0
2024-07-09_B0BRCYJ4SR,0
2024-07-09_B0BRCYQNSW,0
2024-07-09_B0BRCYV77T,0
2024-07-09_B0BRDCBGFD,0
2024-07-09_B0BRDCJWJC,0
2024-07-09_B0BRCYK4JK,0
2024-07-09_B0CY5KFQBD,0
2024-07-09_B0CFV6V981,0
2024-07-09_B0CR49BQRS,0
2024-07-09_B0CR49N6MQ,0
2024-07-09_B0CR49NR3B,0
2024-07-09_B0CR4BG4ZW,0
2024-07-09_B0CR4BGLK5,0
2024-07-09_B0CR4BK4FW,0
2024-07-09_B0CR4C5WXS,0
2024-07-09_B0CR4C98FS,0
2024-07-09_B0C9JLKFPZ,0
2024-07-10_B09KDTS4DC,0
2024-07-10_B09KDTHJ6V,0
2024-07-10_B09KDR64LT,0
2024-07-10_B09KDQ2BWY,0
2024-07-10_B09KDPXYG3,0
2024-07-10_B09MR3Y296,0
2024-07-10_B09KDN7PYR,0
2024-07-10_B0BDRQWBK9,0
2024-07-10_B09MR3XT5G,0
2024-07-10_B09KDVXTP4,0
2024-07-10_B09KDNYCYR,0
2024-07-10_B09KDW1YKQ,0
2024-07-10_B09MR2FY5D,0
2024-07-10_B09KDYY3SB,0
2024-07-10_B09KDZQJ6P,0
2024-07-10_B09KSXP3HN,0
2024-07-10_B09KSYL73R,0
2024-07-10_B09KT5HMNY,0
2024-07-10_B09KTF8ZDQ,0
2024-07-10_B09KTFXX6L,0
2024-07-10_B09KTJRHC7,0
2024-07-10_B09KTMKDKJ,0
2024-07-10_B09KTMLQ1N,0
2024-07-10_B09KDLQ2GW,0
2024-07-10_B09KDXJJ6W,0
2024-07-10_B09MR4G722,0
2024-07-10_B09X1HV1NL,0
2024-07-10_B0B69GN5KJ,0
2024-07-10_B09X1F1L26,0
2024-07-10_B0B31R1ZBV,0
2024-07-10_B09X1JTK49,0
2024-07-10_B09MR36MLJ,0
2024-07-10_B09X1FWK8Z,0
2024-07-10_B09X1F8C23,0
2024-07-10_B09MR5WS3Y,0
2024-07-10_B09X1DHRLN,0
2024-07-10_B09MR56Q9N,0
2024-07-10_B09MR4Z3H9,0
2024-07-10_B09MR4Z3H8,0
2024-07-10_B0B31T1XMH,0
2024-07-10_B0B31SM3ZR,0
2024-07-10_B0B69N4B1S,0
2024-07-10_B0B31V3PKG,0
2024-07-10_B0B31VFJ6Q,0
2024-07-10_B0B31VTH56,0
2024-07-10_B0B31Y1FDZ,0
2024-07-10_B0B699PLXD,0
2024-07-10_B0B69B8R3C,0
2024-07-10_B0B69C4GST,0
2024-07-10_B0B69DD2C7,0
2024-07-10_B0B69DK8JN,0
2024-07-10_B0B69FBGN1,0
2024-07-10_B0B69G3YRM,0
2024-07-10_B09MR4B13C,0
2024-07-10_B09MR3RSW8,0
2024-07-10_B09MR2MLZH,0
2024-07-10_B0BG2T78CJ,0
2024-07-10_B0BNKZCWFL,0
2024-07-10_B0BRCXJRX6,0
2024-07-10_B0BGDWGRQB,0
2024-07-10_B0BGDX2Z3L,0
2024-07-10_B0BGDXM13S,0
2024-07-10_B0BGDXV7FD,0
2024-07-10_B0BGDZLDX2,0
2024-07-10_B0BNKYPVM6,0
2024-07-10_B0BNKYZD2Z,0
2024-07-10_B0BNKZ88Z5,0
2024-07-10_B0BNKZ9BJR,0
2024-07-10_B0BNKZBJX2,0
2024-07-10_B0BG2Z8CY4,0
2024-07-10_B0BNL11QD8,0
2024-07-10_B0BNL5BKMK,0
2024-07-10_B0BNL1CG6X,0
2024-07-10_B0BRCXCXCV,0
2024-07-10_B0BRCW79VK,0
2024-07-10_B0BRCW2B64,0
2024-07-10_B0BRCXDHBX,0
2024-07-10_B0BNL4Y2J9,0
2024-07-10_B0BNL4S6MB,0
2024-07-10_B0BNL4CB4X,0
2024-07-10_B0BNL3RDG4,0
2024-07-10_B0B69SF1BT,0
2024-07-10_B0BRCXP7VN,0
2024-07-10_B0CR4C98FS,0
2024-07-10_B0BNL3J36Z,0
2024-07-10_B0CY5QQ49F,0
2024-07-10_B0BRCXQRC9,0
2024-07-10_B0BRCXQMS5,0
2024-07-10_B0BRCXSTKW,0
2024-07-10_B0BRCXXBG2,0
2024-07-10_B0BRCY8QMH,0
2024-07-10_B0BRCYJ33N,0
2024-07-10_B0BRCYJ4SR,0
2024-07-10_B0BRCYK4JK,0
2024-07-10_B0BRCYQNSW,0
2024-07-10_B0BRCYV77T,0
2024-07-10_B0BRDCBGFD,0
2024-07-10_B0BRDCJWJC,0
2024-07-10_B0BSLWJKSX,0
2024-07-10_B0BDRTZTGX,0
2024-07-10_B0CFV6V981,0
2024-07-10_B0C9JLKFPZ,0
2024-07-10_B0CY5LR4VX,0
2024-07-10_B0CY5KFQBD,0
2024-07-10_B0BG2PD396,0
2024-07-10_B0CR4BK4FW,0
2024-07-10_B0CR4C5WXS,0
2024-07-10_B0CR4BG4ZW,0
2024-07-10_B0CR49NR3B,0
2024-07-10_B0CR49N6MQ,0
2024-07-10_B0CR49BQRS,0
2024-07-10_B0CQVLFPBQ,0
2024-07-10_B0CR4BGLK5,0
2024-07-11_B09KDTHJ6V,0
2024-07-11_B09KDVXTP4,0
2024-07-11_B09KDTS4DC,0
2024-07-11_B09KDR64LT,0
2024-07-11_B09MR3XT5G,0
2024-07-11_B09KDNYCYR,0
2024-07-11_B09KDN7PYR,0
2024-07-11_B09KDLQ2GW,0
2024-07-11_B0BDRQWBK9,0
2024-07-11_B09KDPXYG3,0
2024-07-11_B09KDW1YKQ,0
2024-07-11_B09KT5HMNY,0
2024-07-11_B09KDYY3SB,0
2024-07-11_B09KDZQJ6P,0
2024-07-11_B09KSXP3HN,0
2024-07-11_B09KSYL73R,0
2024-07-11_B09KTF8ZDQ,0
2024-07-11_B09KTFXX6L,0
2024-07-11_B09KTJRHC7,0
2024-07-11_B09KTMKDKJ,0
2024-07-11_B09KTMLQ1N,0
2024-07-11_B09MR2FY5D,0
2024-07-11_B09MR2MLZH,0
2024-07-11_B09MR3Y296,0
2024-07-11_B09KDXJJ6W,0
2024-07-11_B09KDQ2BWY,0
2024-07-11_B0B31V3PKG,0
2024-07-11_B09MR36MLJ,0
2024-07-11_B09X1F1L26,0
2024-07-11_B0B31R1ZBV,0
2024-07-11_B09X1JTK49,0
2024-07-11_B09X1HV1NL,0
2024-07-11_B09X1FWK8Z,0
2024-07-11_B09X1F8C23,0
2024-07-11_B09MR56Q9N,0
2024-07-11_B09X1DHRLN,0
2024-07-11_B09MR5WS3Y,0
2024-07-11_B09MR4Z3H8,0
2024-07-11_B09MR4Z3H9,0
2024-07-11_B0B31T1XMH,0
2024-07-11_B0B31SM3ZR,0
2024-07-11_B0B69FBGN1,0
2024-07-11_B0B31VFJ6Q,0
2024-07-11_B0B31VTH56,0
2024-07-11_B0B31Y1FDZ,0
2024-07-11_B0B699PLXD,0
2024-07-11_B0B69B8R3C,0
2024-07-11_B0B69C4GST,0
2024-07-11_B0B69DD2C7,0
2024-07-11_B0B69DK8JN,0
2024-07-11_B0B69G3YRM,0
2024-07-11_B0B69GN5KJ,0
2024-07-11_B0B69N4B1S,0
2024-07-11_B09MR4G722,0
2024-07-11_B09MR3RSW8,0
2024-07-11_B09MR4B13C,0
2024-07-11_B0BRCXQMS5,0
2024-07-11_B0BNKZCWFL,0
2024-07-11_B0BRCXDHBX,0
2024-07-11_B0BG2T78CJ,0
2024-07-11_B0BG2Z8CY4,0
2024-07-11_B0BGDWGRQB,0
2024-07-11_B0BGDX2Z3L,0
2024-07-11_B0BGDXM13S,0
2024-07-11_B0BGDXV7FD,0
2024-07-11_B0BGDZLDX2,0
2024-07-11_B0BNKYZD2Z,0
2024-07-11_B0BNKZ88Z5,0
2024-07-11_B0BNKZ9BJR,0
2024-07-11_B0BNKZBJX2,0
2024-07-11_B0BNKYPVM6,0
2024-07-11_B0BNL11QD8,0
2024-07-11_B0BNL4S6MB,0
2024-07-11_B0BRCW79VK,0
2024-07-11_B0BRCW2B64,0
2024-07-11_B0BNL5BKMK,0
2024-07-11_B0BNL4Y2J9,0
2024-07-11_B0BNL4CB4X,0
2024-07-11_B0BNL3J36Z,0
2024-07-11_B0BNL1CG6X,0
2024-07-11_B0BNL3RDG4,0
2024-07-11_B0B69SF1BT,0
2024-07-11_B0BRCXJRX6,0
2024-07-11_B0BSLWJKSX,0
2024-07-11_B0BRCXCXCV,0
2024-07-11_B0CY5QQ49F,0
2024-07-11_B0BG2PD396,0
2024-07-11_B0BDRTZTGX,0
2024-07-11_B0BRCXP7VN,0
2024-07-11_B0BRCXQRC9,0
2024-07-11_B0BRCXXBG2,0
2024-07-11_B0BRCY8QMH,0
2024-07-11_B0BRCYJ33N,0
2024-07-11_B0BRCYJ4SR,0
2024-07-11_B0BRCYK4JK,0
2024-07-11_B0BRCYQNSW,0
2024-07-11_B0BRCYV77T,0
2024-07-11_B0BRDCBGFD,0
2024-07-11_B0BRDCJWJC,0
2024-07-11_B0BRCXSTKW,0
2024-07-11_B0CFV6V981,0
2024-07-11_B0C9JLKFPZ,0
2024-07-11_B0CY5KFQBD,0
2024-07-11_B0CY5LR4VX,0
2024-07-11_B0CR4C5WXS,0
2024-07-11_B0CR4BK4FW,0
2024-07-11_B0CR4C98FS,0
2024-07-11_B0CR4BG4ZW,0
2024-07-11_B0CR49NR3B,0
2024-07-11_B0CR49N6MQ,0
2024-07-11_B0CR49BQRS,0
2024-07-11_B0CQVLFPBQ,0
2024-07-11_B0CR4BGLK5,0
2024-07-12_B09KDXJJ6W,0
2024-07-12_B09KDLQ2GW,0
2024-07-12_B0BG2PD396,0
2024-07-12_B09KDNYCYR,0
2024-07-12_B09KDPXYG3,0
2024-07-12_B09KDQ2BWY,0
2024-07-12_B09KDR64LT,0
2024-07-12_B09KDTHJ6V,0
2024-07-12_B09KDVXTP4,0
2024-07-12_B09KDW1YKQ,0
2024-07-12_B09KSYL73R,0
2024-07-12_B09MR36MLJ,0
2024-07-12_B09KDZQJ6P,0
2024-07-12_B09KSXP3HN,0
2024-07-12_B09KTF8ZDQ,0
2024-07-12_B09KTFXX6L,0
2024-07-12_B09KTJRHC7,0
2024-07-12_B09KTMKDKJ,0
2024-07-12_B09MR3RSW8,0
2024-07-12_B09KTMLQ1N,0
2024-07-12_B09KDYY3SB,0
2024-07-12_B09KDN7PYR,0
2024-07-12_B09X1F8C23,0
2024-07-12_B09MR3XT5G,0
2024-07-12_B09MR2FY5D,0
2024-07-12_B09X1HV1NL,0
2024-07-12_B09MR4Z3H8,0
2024-07-12_B09MR4B13C,0
2024-07-12_B09MR4Z3H9,0
2024-07-12_B09MR56Q9N,0
2024-07-12_B09MR5WS3Y,0
2024-07-12_B09X1DHRLN,0
2024-07-12_B09X1F1L26,0
2024-07-12_B09MR3Y296,0
2024-07-12_B09X1FWK8Z,0
2024-07-12_B09X1JTK49,0
2024-07-12_B0B31R1ZBV,0
2024-07-12_B0B31T1XMH,0
2024-07-12_B0B31V3PKG,0
2024-07-12_B0B31VFJ6Q,0
2024-07-12_B0B31VTH56,0
2024-07-12_B0B699PLXD,0
2024-07-12_B0B69B8R3C,0
2024-07-12_B0B69FBGN1,0
2024-07-12_B0B69DK8JN,0
2024-07-12_B0BDRTZTGX,0
2024-07-12_B0BRCYV77T,0
2024-07-12_B0BG2T78CJ,0
2024-07-12_B0BGDX2Z3L,0
2024-07-12_B0BRCXQRC9,0
2024-07-12_B0BGDXM13S,0
2024-07-12_B0BGDXV7FD,0
2024-07-12_B0BGDZLDX2,0
2024-07-12_B0BNKY8RQN,0
2024-07-12_B0BNKYZD2Z,0
2024-07-12_B0BNKZ88Z5,0
2024-07-12_B0BNKZCWFL,0
2024-07-12_B0BNL3J36Z,0
2024-07-12_B0BNKYPVM6,0
2024-07-12_B0BNL5BKMK,0
2024-07-12_B0BNL5HYLR,0
2024-07-12_B0BNL5JR7V,0
2024-07-12_B0BRCW2B64,0
2024-07-12_B0BRCW79VK,0
2024-07-12_B0BRCXCXCV,0
2024-07-12_B0BRCXDHBX,0
2024-07-12_B0B31Y1FDZ,0
2024-07-12_B0BRCXQMS5,0
2024-07-12_B0BNL46Y7W,0
2024-07-12_B0BRCXSTKW,0
2024-07-12_B0BRCXJRX6,0
2024-07-12_B0BRCY8QMH,0
2024-07-12_B0CR49NR3B,0
2024-07-12_B0CR49BQRS,0
2024-07-12_B0BRCYK4JK,0
2024-07-12_B0BRCYQNSW,0
2024-07-12_B0BRDCBGFD,0
2024-07-12_B0BRDCJWJC,0
2024-07-12_B0BSLVXHYJ,0
2024-07-12_B0C9JLKFPZ,0
2024-07-12_B0CFV6V981,0
2024-07-12_B0CR49N6MQ,0
2024-07-12_B0BRCYJ33N,0
2024-07-12_B0CR4BG4ZW,0
2024-07-12_B0CR4BGLK5,0
2024-07-12_B0CR4BK4FW,0
2024-07-12_B0CR4C5WXS,0
2024-07-12_B0CR4C98FS,0
2024-07-12_B0CY5KFQBD,0
2024-07-12_B0CY5LR4VX,0
2024-07-12_B0BGDWGRQB,0
2024-07-12_B0CY5QQ49F,0
2024-07-12_B0BRCXXBG2,0
2024-07-13_B09KDVXTP4,0
2024-07-13_B09KDTHJ6V,0
2024-07-13_B0BDRTZTGX,0
2024-07-13_B09KDQ2BWY,0
2024-07-13_B09KDN7PYR,0
2024-07-13_B09KDYY3SB,0
2024-07-13_B09KDR64LT,0
2024-07-13_B09KDW1YKQ,0
2024-07-13_B09KTF8ZDQ,0
2024-07-13_B09KDZQJ6P,0
2024-07-13_B09MR3XT5G,0
2024-07-13_B09KSXP3HN,0
2024-07-13_B09KTFXX6L,0
2024-07-13_B09KTJRHC7,0
2024-07-13_B09KTMKDKJ,0
2024-07-13_B09KTMLQ1N,0
2024-07-13_B09MR3Y296,0
2024-07-13_B09MR2FY5D,0
2024-07-13_B09KDXJJ6W,0
2024-07-13_B09KSYL73R,0
2024-07-13_B0B31T1XMH,0
2024-07-13_B0B69FBGN1,0
2024-07-13_B09MR3RSW8,0
2024-07-13_B09MR4Z3H9,0
2024-07-13_B0B31R1ZBV,0
2024-07-13_B09MR5WS3Y,0
2024-07-13_B09X1F1L26,0
2024-07-13_B09X1F8C23,0
2024-07-13_B09X1FWK8Z,0
2024-07-13_B09X1HV1NL,0
2024-07-13_B09X1JTK49,0
2024-07-13_B09MR56Q9N,0
2024-07-13_B0B31Y1FDZ,0
2024-07-13_B0B31V3PKG,0
2024-07-13_B0B31VFJ6Q,0
2024-07-13_B0B699PLXD,0
2024-07-13_B0B69B8R3C,0
2024-07-13_B0B69C4GST,0
2024-07-13_B09KDLQ2GW,0
2024-07-13_B0B69DK8JN,0
2024-07-13_B09MR4B13C,0
2024-07-13_B09MR4Z3H8,0
2024-07-13_B0B69SF1BT,0
2024-07-13_B0BRCYQNSW,0
2024-07-13_B0BG2PD396,0
2024-07-13_B0BNL5CJ8G,0
2024-07-13_B0BGDWGRQB,0
2024-07-13_B0BRCXQMS5,0
2024-07-13_B0BGDX2Z3L,0
2024-07-13_B0BGDXV7FD,0
2024-07-13_B0BNKY8RQN,0
2024-07-13_B0BNKYPVM6,0
2024-07-13_B0BNL3J36Z,0
2024-07-13_B0BRCXQRC9,0
2024-07-13_B0BNL5BKMK,0
2024-07-13_B0BNL5HYLR,0
2024-07-13_B0BRCW79VK,0
2024-07-13_B0BRCXP7VN,0
2024-07-13_B0BRCXDHBX,0
2024-07-13_B0BRCXCXCV,0
2024-07-13_B0BRCXJRX6,0
2024-07-13_B0BRCW2B64,0
2024-07-13_B0B69DD2C7,0
2024-07-13_B0BNKYZD2Z,0
2024-07-13_B0CR49BQRS,0
2024-07-13_B0BNKZ88Z5,0
2024-07-13_B0BG2T78CJ,0
2024-07-13_B0BRCXXBG2,0
2024-07-13_B0BRCYJ33N,0
2024-07-13_B0BRCYK4JK,0
2024-07-13_B0BNL5JR7V,0
2024-07-13_B0BRCYV77T,0
2024-07-13_B0BRDCBGFD,0
2024-07-13_B0BRDCJWJC,0
2024-07-13_B0C9JLKFPZ,0
2024-07-13_B0CFV6V981,0
2024-07-13_B0CR49N6MQ,0
2024-07-13_B0BSLVXHYJ,0
2024-07-13_B0CY5LR4VX,0
2024-07-13_B0CR4BG4ZW,0
2024-07-13_B0CR4BGLK5,0
2024-07-13_B0CR4BK4FW,0
2024-07-13_B0CR4C5WXS,0
2024-07-13_B0CR4C98FS,0
2024-07-13_B0CY5KFQBD,0
2024-07-13_B0CR49NR3B,0
2024-07-13_B0CY5QQ49F,0
2024-07-14_B09KDR64LT,0
2024-07-14_B09KDQ2BWY,0
2024-07-14_B09KDPXYG3,0
2024-07-14_B09KDYY3SB,0
2024-07-14_B09KDLQ2GW,0
2024-07-14_B0BDRTZTGX,0
2024-07-14_B09KDTHJ6V,0
2024-07-14_B09KDN7PYR,0
2024-07-14_B09KDW1YKQ,0
2024-07-14_B09MR2MLZH,0
2024-07-14_B09KDZQJ6P,0
2024-07-14_B09MR3RSW8,0
2024-07-14_B09KSYL73R,0
2024-07-14_B09KTF8ZDQ,0
2024-07-14_B09KTFXX6L,0
2024-07-14_B09KTJRHC7,0
2024-07-14_B09KTMKDKJ,0
2024-07-14_B09KTMLQ1N,0
2024-07-14_B09MR3XT5G,0
2024-07-14_B09KDXJJ6W,0
2024-07-14_B09KSXP3HN,0
2024-07-14_B09MR4Z3H9,0
2024-07-14_B09MR3Y296,0
2024-07-14_B0B31R1ZBV,0
2024-07-14_B09MR36MLJ,0
2024-07-14_B09MR56Q9N,0
2024-07-14_B09MR5WS3Y,0
2024-07-14_B09X1DHRLN,0
2024-07-14_B09X1F1L26,0
2024-07-14_B09X1F8C23,0
2024-07-14_B09X1HV1NL,0
2024-07-14_B09X1JTK49,0
2024-07-14_B09MR4B13C,0
2024-07-14_B09MR4Z3H8,0
2024-07-14_B0B31SM3ZR,0
2024-07-14_B0B31T1XMH,0
2024-07-14_B0B31V3PKG,0
2024-07-14_B0B31VFJ6Q,0
2024-07-14_B0B31VTH56,0
2024-07-14_B0B31Y1FDZ,0
2024-07-14_B0B699PLXD,0
2024-07-14_B0B69B8R3C,0
2024-07-14_B0B69DD2C7,0
2024-07-14_B0B69DK8JN,0
2024-07-14_B0BDRQWBK9,0
2024-07-14_B09MR2FY5D,0
2024-07-14_B0BG2PD396,0
2024-07-14_B0BNL5BKMK,0
2024-07-14_B0BRCXQRC9,0
2024-07-14_B0BGDXM13S,0
2024-07-14_B0BGDXV7FD,0
2024-07-14_B0BGDZLDX2,0
2024-07-14_B0BNKYPVM6,0
2024-07-14_B0BNKYZD2Z,0
2024-07-14_B0BNKZ88Z5,0
2024-07-14_B0BNKZCWFL,0
2024-07-14_B0BRCXSTKW,0
2024-07-14_B0BGDWGRQB,0
2024-07-14_B0BRCXDHBX,0
2024-07-14_B0BNL5HYLR,0
2024-07-14_B0BRCXP7VN,0
2024-07-14_B0BRCXJRX6,0
2024-07-14_B0BRCXQMS5,0
2024-07-14_B0BRCXCXCV,0
2024-07-14_B0BRCW79VK,0
2024-07-14_B0BRCW2B64,0
2024-07-14_B0BGDX2Z3L,0
2024-07-14_B0BNL5CJ8G,0
2024-07-14_B0CY5LR4VX,0
2024-07-14_B0BNL3J36Z,0
2024-07-14_B0CY5QQ49F,0
2024-07-14_B0BRCY8QMH,0
2024-07-14_B0BRCYJ33N,0
2024-07-14_B0BRCYJ4SR,0
2024-07-14_B0BRCYK4JK,0
2024-07-14_B0BRCYQNSW,0
2024-07-14_B0BRCYV77T,0
2024-07-14_B0BRDCBGFD,0
2024-07-14_B0BRDCJWJC,0
2024-07-14_B0C9JLKFPZ,0
2024-07-14_B0CFV6V981,0
2024-07-14_B0CR49BQRS,0
2024-07-14_B0BG2VYWSG,0
2024-07-14_B0BRCXXBG2,0
2024-07-14_B0CR49NR3B,0
2024-07-14_B0CR4BG4ZW,0
2024-07-14_B0CR4BGLK5,0
2024-07-14_B0CR4BK4FW,0
2024-07-14_B0CR4C5WXS,0
2024-07-14_B0CR4C98FS,0
2024-07-14_B0CY5KFQBD,0
2024-07-14_B0CR49N6MQ,0
2024-07-15_B09KDTHJ6V,0
2024-07-15_B09KDR64LT,0
2024-07-15_B09KDLQ2GW,0
2024-07-15_B09KDQ2BWY,0
2024-07-15_B09MR3RSW8,0
2024-07-15_B09KDN7PYR,0
2024-07-15_B0BDRS6R5Z,0
2024-07-15_B09KDTS4DC,0
2024-07-15_B09KDYY3SB,0
2024-07-15_B09KDPXYG3,0
2024-07-15_B09KDVXTP4,0
2024-07-15_B09KSYL73R,0
2024-07-15_B09KDZQJ6P,0
2024-07-15_B09MR36MLJ,0
2024-07-15_B09KSXP3HN,0
2024-07-15_B09KT5HMNY,0
2024-07-15_B09KTF8ZDQ,0
2024-07-15_B09KTFXX6L,0
2024-07-15_B09KTJRHC7,0
2024-07-15_B09KTMKDKJ,0
2024-07-15_B09KTMLQ1N,0
2024-07-15_B09KDW1YKQ,0
2024-07-15_B09KDXJJ6W,0
2024-07-15_B09X1JTK49,0
2024-07-15_B09MR3XT5G,0
2024-07-15_B09MR2FY5D,0
2024-07-15_B09MR4G722,0
2024-07-15_B09MR4Z3H8,0
2024-07-15_B09MR56Q9N,0
2024-07-15_B09MR5WS3Y,0
2024-07-15_B09X1DHRLN,0
2024-07-15_B09X1F1L26,0
2024-07-15_B09X1F8C23,0
2024-07-15_B09X1HV1NL,0
2024-07-15_B09MR4Z3H9,0
2024-07-15_B0B31Y1FDZ,0
2024-07-15_B0B31R1ZBV,0
2024-07-15_B0B31T1XMH,0
2024-07-15_B0B31V3PKG,0
2024-07-15_B0B31VFJ6Q,0
2024-07-15_B0B31VTH56,0
2024-07-15_B0B69B8R3C,0
2024-07-15_B0B69C4GST,0
2024-07-15_B0B69DD2C7,0
2024-07-15_B0B69DK8JN,0
2024-07-15_B0B69FBGN1,0
2024-07-15_B09MR3Y296,0
2024-07-15_B09MR2MLZH,0
2024-07-15_B09MR4B13C,0
2024-07-15_B0CR4C98FS,0
2024-07-15_B0BNL1MQ48,0
2024-07-15_B0BG2VYWSG,0
2024-07-15_B0BGDWGRQB,0
2024-07-15_B0BGDX2Z3L,0
2024-07-15_B0BGDXM13S,0
2024-07-15_B0BGDXV7FD,0
2024-07-15_B0BGDZLDX2,0
2024-07-15_B0BNKYZD2Z,0
2024-07-15_B0BNKZ88Z5,0
2024-07-15_B0BNKZCWFL,0
2024-07-15_B0BRCXQMS5,0
2024-07-15_B0BNKYPVM6,0
2024-07-15_B0BRCXJRX6,0
2024-07-15_B0BNL3ZV7H,0
2024-07-15_B0BRCXDHBX,0
2024-07-15_B0BRCXCXCV,0
2024-07-15_B0BRCXP7VN,0
2024-07-15_B0BNL5BKMK,0
2024-07-15_B0BRCW2B64,0
2024-07-15_B0BNL5HYLR,0
2024-07-15_B0BNL5CJ8G,0
2024-07-15_B0B69SF1BT,0
2024-07-15_B0BNL3J36Z,0
2024-07-15_B0CY5QQ49F,0
2024-07-15_B0BRCW79VK,0
2024-07-15_B0BG2PD396,0
2024-07-15_B0BRCXSTKW,0
2024-07-15_B0BDRTZTGX,0
2024-07-15_B0BRCXQRC9,0
2024-07-15_B0BRCXXBG2,0
2024-07-15_B0BRCY8QMH,0
2024-07-15_B0BRCYJ33N,0
2024-07-15_B0BRCYK4JK,0
2024-07-15_B0BRCYQNSW,0
2024-07-15_B0BRCYV77T,0
2024-07-15_B0BRDCBGFD,0
2024-07-15_B0BRDCJWJC,0
2024-07-15_B0BRCYJ4SR,0
2024-07-15_B0CR4BK4FW,0
2024-07-15_B0CFV6V981,0
2024-07-15_B0CR49BQRS,0
2024-07-15_B0CR49N6MQ,0
2024-07-15_B0CR49NR3B,0
2024-07-15_B0CR4BG4ZW,0
2024-07-15_B0CR4BGLK5,0
2024-07-15_B0CY5LR4VX,0
2024-07-15_B0CR4C5WXS,0
2024-07-15_B0CY5KFQBD,0
2024-07-15_B0C9JLKFPZ,0
2024-07-16_B09KDTS4DC,0
2024-07-16_B09KSXP3HN,0
2024-07-16_B09KDTHJ6V,0
2024-07-16_B09KDW1YKQ,0
2024-07-16_B09KDVXTP4,0
2024-07-16_B09KDR64LT,0
2024-07-16_B09KDLQ2GW,0
2024-07-16_B09KDPXYG3,0
2024-07-16_B09KDNYCYR,0
2024-07-16_B0BGDXV7FD,0
2024-07-16_B09KDXJJ6W,0
2024-07-16_B09KDQ2BWY,0
2024-07-16_B09KDYY3SB,0
2024-07-16_B09MR36MLJ,0
2024-07-16_B09KSYL73R,0
2024-07-16_B09MR4D874,0
2024-07-16_B09KT5HMNY,0
2024-07-16_B09KTF8ZDQ,0
2024-07-16_B09KTFXX6L,0
2024-07-16_B09KTJRHC7,0
2024-07-16_B09KTMKDKJ,0
2024-07-16_B09KTMLQ1N,0
2024-07-16_B09MR2FY5D,0
2024-07-16_B09MR2MLZH,0
2024-07-16_B09MR3XT5G,0
2024-07-16_B09MR3Y296,0
2024-07-16_B09MR4G722,0
2024-07-16_B09KDZQJ6P,0
2024-07-16_B09KDN7PYR,0
2024-07-16_B0B31SM3ZR,0
2024-07-16_B09MR4Z3H8,0
2024-07-16_B09X1JTK49,0
2024-07-16_B0B31VFJ6Q,0
2024-07-16_B0B31T1XMH,0
2024-07-16_B0B31SVP2Q,0
2024-07-16_B09MR4B13C,0
2024-07-16_B0B31R1ZBV,0
2024-07-16_B09X1FWK8Z,0
2024-07-16_B09X1HV1NL,0
2024-07-16_B09X1F8C23,0
2024-07-16_B09X1F1L26,0
2024-07-16_B09MR56Q9N,0
2024-07-16_B09MR5WS3Y,0
2024-07-16_B0B31Y1FDZ,0
2024-07-16_B0B31VTH56,0
2024-07-16_B0BG2T78CJ,0
2024-07-16_B0B699PLXD,0
2024-07-16_B0B69C4GST,0
2024-07-16_B0B69DK8JN,0
2024-07-16_B0B69FBGN1,0
2024-07-16_B0B69GN5KJ,0
2024-07-16_B0B69N4B1S,0
2024-07-16_B0B69SF1BT,0
2024-07-16_B0BDRQWBK9,0
2024-07-16_B0BDRS6R5Z,0
2024-07-16_B0BDRTZTGX,0
2024-07-16_B0BG2PD396,0
2024-07-16_B0BGDWGRQB,0
2024-07-16_B09MR4Z3H9,0
2024-07-16_B0BGDX2Z3L,0
2024-07-16_B09MR3RSW8,0
2024-07-16_B0BGDZLDX2,0
2024-07-16_B0BNL3J36Z,0
2024-07-16_B0BRCXDHBX,0
2024-07-16_B0BNKYZD2Z,0
2024-07-16_B0BNKZ5BR1,0
2024-07-16_B0BNKZBJX2,0
2024-07-16_B0BNKZCWFL,0
2024-07-16_B0BNKZF51P,0
2024-07-16_B0BNL117VT,0
2024-07-16_B0BNL11QD8,0
2024-07-16_B0BNL13PNY,0
2024-07-16_B0BNL1MQ48,0
2024-07-16_B0BNL1RDVC,0
2024-07-16_B0BNL1WL6R,0
2024-07-16_B0BRCXJRX6,0
2024-07-16_B0BNL2VK7L,0
2024-07-16_B0BNL3RDG4,0
2024-07-16_B0BNL5LCM5,0
2024-07-16_B0BNL3ZV7H,0
2024-07-16_B0BRCW2B64,0
2024-07-16_B0BNL7TJRT,0
2024-07-16_B0BNL6H152,0
2024-07-16_B0BRCW79VK,0
2024-07-16_B0BNL5HYLR,0
2024-07-16_B0BNL4Y2J9,0
2024-07-16_B0BNL4S7GH,0
2024-07-16_B0BNL5CJ8G,0
2024-07-16_B0BNKZ88Z5,0
2024-07-16_B0BNL5BKMK,0
2024-07-16_B0BNKZ9BJR,0
2024-07-16_B0CR4C5WXS,0
2024-07-16_B0BRCXCXCV,0
2024-07-16_B0CY5QQ49F,0
2024-07-16_B0BRCXQMS5,0
2024-07-16_B0BRCXP7VN,0
2024-07-16_B0BRCXSTKW,0
2024-07-16_B0BRCXXBG2,0
2024-07-16_B0BRCY8QMH,0
2024-07-16_B0BRCYJ33N,0
2024-07-16_B0BRCYJ4SR,0
2024-07-16_B0BRCYK4JK,0
2024-07-16_B0BRCYQNSW,0
2024-07-16_B0BRCYV77T,0
2024-07-16_B0BRDCBGFD,0
2024-07-16_B0BRDCJWJC,0
2024-07-16_B0BSLTZV4Z,0
2024-07-16_B0BRCXQRC9,0
2024-07-16_B0BSLWJKSX,0
2024-07-16_B0BSLVXHYJ,0
2024-07-16_B0CY5KFQBD,0
2024-07-16_B0CY5LR4VX,0
2024-07-16_B0CR4C98FS,0
2024-07-16_B0BNKYW36G,0
2024-07-16_B0CR4BGLK5,0
2024-07-16_B0CR4BK4FW,0
2024-07-16_B0CR49NR3B,0
2024-07-16_B0CR49N6MQ,0
2024-07-16_B0CR49BQRS,0
2024-07-16_B0CFV6V981,0
2024-07-16_B0C9JLKFPZ,0
2024-07-16_B0CR4BG4ZW,0
2024-07-17_B09KDTHJ6V,0
2024-07-17_B09KDVXTP4,0
2024-07-17_B09KDTS4DC,0
2024-07-17_B09KDR64LT,0
2024-07-17_B09KDLQ2GW,0
2024-07-17_B09KDPXYG3,0
2024-07-17_B09KDNYCYR,0
2024-07-17_B09KDN7PYR,0
2024-07-17_B09KDW1YKQ,0
2024-07-17_B09MR4B13C,0
2024-07-17_B09KDQ2BWY,0
2024-07-17_B09KDXJJ6W,0
2024-07-17_B09KTF8ZDQ,0
2024-07-17_B09KDZQJ6P,0
2024-07-17_B09KSXP3HN,0
2024-07-17_B09KSYL73R,0
2024-07-17_B09KT5HMNY,0
2024-07-17_B09KTFXX6L,0
2024-07-17_B09KTJRHC7,0
2024-07-17_B09KTMKDKJ,0
2024-07-17_B09KTMLQ1N,0
2024-07-17_B09MR2FY5D,0
2024-07-17_B09MR2MLZH,0
2024-07-17_B09MR4D874,0
2024-07-17_B09MR3RSW8,0
2024-07-17_B09KDYY3SB,0
2024-07-17_B0BNKY8RQN,0
2024-07-17_B0B31Y1FDZ,0
2024-07-17_B0BGDXV7FD,0
2024-07-17_B09MR3XT5G,0
2024-07-17_B09X1JTK49,0
2024-07-17_B0B31V3PKG,0
2024-07-17_B0B31T1XMH,0
2024-07-17_B0B31SVP2Q,0
2024-07-17_B0B31SM3ZR,0
2024-07-17_B0B31R1ZBV,0
2024-07-17_B09MR4Z3H9,0
2024-07-17_B09X1HV1NL,0
2024-07-17_B09X1F8C23,0
2024-07-17_B09X1F1L26,0
2024-07-17_B09MR5WS3Y,0
2024-07-17_B09MR56Q9N,0
2024-07-17_B0B31VTH56,0
2024-07-17_B0B31VFJ6Q,0
2024-07-17_B0B69SF1BT,0
2024-07-17_B0B699PLXD,0
2024-07-17_B0B69DD2C7,0
2024-07-17_B0B69DK8JN,0
2024-07-17_B0B69GN5KJ,0
2024-07-17_B09MR4G722,0
2024-07-17_B0BDRTZTGX,0
2024-07-17_B0BG2PD396,0
2024-07-17_B0BG2T78CJ,0
2024-07-17_B0BG2VYWSG,0
2024-07-17_B0BGDWGRQB,0
2024-07-17_B0BGDX2Z3L,0
2024-07-17_B09MR4Z3H8,0
2024-07-17_B09MR3Y296,0
2024-07-17_B09MR36MLJ,0
2024-07-17_B0BNKZ88Z5,0
2024-07-17_B0BRCXJRX6,0
2024-07-17_B0BNL4S7GH,0
2024-07-17_B0BNKZ5BR1,0
2024-07-17_B0BRCXDHBX,0
2024-07-17_B0BNKZ9BJR,0
2024-07-17_B0BNKZBJX2,0
2024-07-17_B0BNKZCWFL,0
2024-07-17_B0BNKZF51P,0
2024-07-17_B0BNL11QD8,0
2024-07-17_B0BNL13PNY,0
2024-07-17_B0BNL2VK7L,0
2024-07-17_B0BNL3J36Z,0
2024-07-17_B0BNL3RDG4,0
2024-07-17_B0BNL3YY1C,0
2024-07-17_B0BNL1WL6R,0
2024-07-17_B0BNL4Y2J9,0
2024-07-17_B0BNL5N28Z,0
2024-07-17_B0BRCXCXCV,0
2024-07-17_B0BNL5BKMK,0
2024-07-17_B0BRCW2B64,0
2024-07-17_B0BNL7TJRT,0
2024-07-17_B0BNL6H152,0
2024-07-17_B0BRCW79VK,0
2024-07-17_B0BNL5LCM5,0
2024-07-17_B0BNL5HYLR,0
2024-07-17_B0BNL5CJ8G,0
2024-07-17_B0BNL5JR7V,0
2024-07-17_B0BSLTZV4Z,0
2024-07-17_B0BRCXQMS5,0
2024-07-17_B0BGDZLDX2,0
2024-07-17_B0CY5QQ49F,0
2024-07-17_B0BNKYW36G,0
2024-07-17_B0BRCXP7VN,0
2024-07-17_B0BRCXQRC9,0
2024-07-17_B0BRCXSTKW,0
2024-07-17_B0BRCXXBG2,0
2024-07-17_B0BRCY8QMH,0
2024-07-17_B0BRCYJ33N,0
2024-07-17_B0BNKYZD2Z,0
2024-07-17_B0BRCYK4JK,0
2024-07-17_B0BRCYQNSW,0
2024-07-17_B0BRCYV77T,0
2024-07-17_B0BRDCBGFD,0
2024-07-17_B0BRDCJWJC,0
2024-07-17_B0BRCYJ4SR,0
2024-07-17_B0BSLWJKSX,0
2024-07-17_B0BSLVXHYJ,0
2024-07-17_B0CY5KFQBD,0
2024-07-17_B0CR4C98FS,0
2024-07-17_B0CR4C5WXS,0
2024-07-17_B0CR4BK4FW,0
2024-07-17_B0CR4BGLK5,0
2024-07-17_B0CY5LR4VX,0
2024-07-17_B0CR49NR3B,0
2024-07-17_B0CR49N6MQ,0
2024-07-17_B0CR49BQRS,0
2024-07-17_B0CFV6V981,0
2024-07-17_B0C9JLKFPZ,0
2024-07-17_B0CR4BG4ZW,0
2024-07-18_B09KDW1YKQ,0
2024-07-18_B09KDVXTP4,0
2024-07-18_B09KDTS4DC,0
2024-07-18_B09KDTHJ6V,0
2024-07-18_B09KDR64LT,0
2024-07-18_B09KDNYCYR,0
2024-07-18_B09KDPXYG3,0
2024-07-18_B09KDN7PYR,0
2024-07-18_B09KDLQ2GW,0
2024-07-18_B0BGDX2Z3L,0
2024-07-18_B09KDQ2BWY,0
2024-07-18_B09KDXJJ6W,0
2024-07-18_B09MR3XT5G,0
2024-07-18_B09MR3Y296,0
2024-07-18_B09KSXP3HN,0
2024-07-18_B09KT5HMNY,0
2024-07-18_B09KTF8ZDQ,0
2024-07-18_B09KTFXX6L,0
2024-07-18_B09KTJRHC7,0
2024-07-18_B09KTMKDKJ,0
2024-07-18_B09KTMLQ1N,0
2024-07-18_B09MR2FY5D,0
2024-07-18_B09MR2MLZH,0
2024-07-18_B09MR36MLJ,0
2024-07-18_B09MR3RSW8,0
2024-07-18_B09KDYY3SB,0
2024-07-18_B09KDZQJ6P,0
2024-07-18_B09MR4B13C,0
2024-07-18_B0B31Y1FDZ,0
2024-07-18_B09MR4G722,0
2024-07-18_B0BGDWGRQB,0
2024-07-18_B0B31T1XMH,0
2024-07-18_B0B31SVP2Q,0
2024-07-18_B0B31SM3ZR,0
2024-07-18_B0B31R1ZBV,0
2024-07-18_B09X1JTK49,0
2024-07-18_B09X1F1L26,0
2024-07-18_B09X1F8C23,0
2024-07-18_B09MR5WS3Y,0
2024-07-18_B09MR56Q9N,0
2024-07-18_B09MR4Z3H9,0
2024-07-18_B0B31VFJ6Q,0
2024-07-18_B09MR4Z3H8,0
2024-07-18_B0BG2T78CJ,0
2024-07-18_B0B31VTH56,0
2024-07-18_B0B699PLXD,0
2024-07-18_B0B69B8R3C,0
2024-07-18_B0B69C4GST,0
2024-07-18_B0B69DK8JN,0
2024-07-18_B0B69GN5KJ,0
2024-07-18_B0B69N4B1S,0
2024-07-18_B0B69SF1BT,0
2024-07-18_B0BDRQWBK9,0
2024-07-18_B0BDRS6R5Z,0
2024-07-18_B0BDRTZTGX,0
2024-07-18_B0BG2PD396,0
2024-07-18_B09MR4D874,0
2024-07-18_B09KSYL73R,0
2024-07-18_B09X1HV1NL,0
2024-07-18_B0BGDXM13S,0
2024-07-18_B0BRCXJRX6,0
2024-07-18_B0BRCXCXCV,0
2024-07-18_B0BNKY8RQN,0
2024-07-18_B0BNKZ5BR1,0
2024-07-18_B0BNKZ6N9L,0
2024-07-18_B0BNKZ9BJR,0
2024-07-18_B0BNKZBJX2,0
2024-07-18_B0BNKZCWFL,0
2024-07-18_B0BNKZF51P,0
2024-07-18_B0BNKZYHRX,0
2024-07-18_B0BNL11QD8,0
2024-07-18_B0BNL13PNY,0
2024-07-18_B0BNL3RDG4,0
2024-07-18_B0BNL3YY1C,0
2024-07-18_B0BGDZLDX2,0
2024-07-18_B0BNL5JR7V,0
2024-07-18_B0BRCW79VK,0
2024-07-18_B0BRCW2B64,0
2024-07-18_B0BNL7TJRT,0
2024-07-18_B0BNL5N28Z,0
2024-07-18_B0BNL6H152,0
2024-07-18_B0BNL5HYLR,0
2024-07-18_B0BNL5CJ8G,0
2024-07-18_B0BNL4Y2J9,0
2024-07-18_B0BNL4S7GH,0
2024-07-18_B0BNL4NX61,0
2024-07-18_B0CY5QQ49F,0
2024-07-18_B0BNL46Y7W,0
2024-07-18_B0BRCXDHBX,0
2024-07-18_B0BNL2VK7L,0
2024-07-18_B0BRCXP7VN,0
2024-07-18_B0BSLTZV4Z,0
2024-07-18_B0BRCXQRC9,0
2024-07-18_B0BRCXSTKW,0
2024-07-18_B0BRCXXBG2,0
2024-07-18_B0BRCY8QMH,0
2024-07-18_B0BRCYJ33N,0
2024-07-18_B0BRCYJ4SR,0
2024-07-18_B0BRCYK4JK,0
2024-07-18_B0BRCYQNSW,0
2024-07-18_B0BRCYV77T,0
2024-07-18_B0BRDCBGFD,0
2024-07-18_B0BRDCJWJC,0
2024-07-18_B0BSLVXHYJ,0
2024-07-18_B0BSLWJKSX,0
2024-07-18_B0BRCXQMS5,0
2024-07-18_B0BGDXV7FD,0
2024-07-18_B0C9JLKFPZ,0
2024-07-18_B0CY5LR4VX,0
2024-07-18_B0CY5KFQBD,0
2024-07-18_B0CR4C98FS,0
2024-07-18_B0CR4BK4FW,0
2024-07-18_B0CR4C5WXS,0
2024-07-18_B0CR4BG4ZW,0
2024-07-18_B0CR49NR3B,0
2024-07-18_B0CR49N6MQ,0
2024-07-18_B0CR49BQRS,0
2024-07-18_B0CFV6V981,0
2024-07-18_B0CR4BGLK5,0
2024-07-19_B09KDTHJ6V,0
2024-07-19_B09KDW1YKQ,0
2024-07-19_B09KDVXTP4,0
2024-07-19_B09KDTS4DC,0
2024-07-19_B09KDR64LT,0
2024-07-19_B09KDZQJ6P,0
2024-07-19_B09KDNYCYR,0
2024-07-19_B09KDN7PYR,0
2024-07-19_B09KDLQ2GW,0
2024-07-19_B0BGDXM13S,0
2024-07-19_B09KDXJJ6W,0
2024-07-19_B09KDPXYG3,0
2024-07-19_B09KDYY3SB,0
2024-07-19_B09KTJRHC7,0
2024-07-19_B09MR3Y296,0
2024-07-19_B09KSYL73R,0
2024-07-19_B09KT5HMNY,0
2024-07-19_B09KTF8ZDQ,0
2024-07-19_B09KTFXX6L,0
2024-07-19_B09KTMKDKJ,0
2024-07-19_B09KTMLQ1N,0
2024-07-19_B09MR2FY5D,0
2024-07-19_B09MR2MLZH,0
2024-07-19_B09MR3XT5G,0
2024-07-19_B09MR36MLJ,0
2024-07-19_B09MR3RSW8,0
2024-07-19_B09KSXP3HN,0
2024-07-19_B09MR4B13C,0
2024-07-19_B0B31R1ZBV,0
2024-07-19_B09MR4G722,0
2024-07-19_B09MR4Z3H8,0
2024-07-19_B0B31SM3ZR,0
2024-07-19_B0B31SVP2Q,0
2024-07-19_B09X1HV1NL,0
2024-07-19_B0B31T1XMH,0
2024-07-19_B09X1JTK49,0
2024-07-19_B09MR5WS3Y,0
2024-07-19_B09X1F8C23,0
2024-07-19_B09X1F1L26,0
2024-07-19_B09MR56Q9N,0
2024-07-19_B09MR4Z3H9,0
2024-07-19_B0B31VTH56,0
2024-07-19_B0B31VFJ6Q,0
2024-07-19_B0BDRS6R5Z,0
2024-07-19_B0B31Y1FDZ,0
2024-07-19_B0B699PLXD,0
2024-07-19_B0B69B8R3C,0
2024-07-19_B0B69C4GST,0
2024-07-19_B0B69DK8JN,0
2024-07-19_B0B69GN5KJ,0
2024-07-19_B0B69N4B1S,0
2024-07-19_B0B69SF1BT,0
2024-07-19_B0BDRQWBK9,0
2024-07-19_B0BDRTZTGX,0
2024-07-19_B0BG2T78CJ,0
2024-07-19_B0BGDWGRQB,0
2024-07-19_B09MR4D874,0
2024-07-19_B09KDQ2BWY,0
2024-07-19_B0BGDX2Z3L,0
2024-07-19_B0BRCXQRC9,0
2024-07-19_B0BGDXV7FD,0
2024-07-19_B0BNKY8RQN,0
2024-07-19_B0BNKZ5BR1,0
2024-07-19_B0BGDZLDX2,0
2024-07-19_B0BNKZ6N9L,0
2024-07-19_B0BNKZ9BJR,0
2024-07-19_B0BNKZBJX2,0
2024-07-19_B0BNKZCWFL,0
2024-07-19_B0BNKZYHRX,0
2024-07-19_B0BNL11QD8,0
2024-07-19_B0BNL13PNY,0
2024-07-19_B0BNL2VK7L,0
2024-07-19_B0BNL3RDG4,0
2024-07-19_B0BNL3YY1C,0
2024-07-19_B0BNKZF51P,0
2024-07-19_B0BNL5N28Z,0
2024-07-19_B0BNL4NX61,0
2024-07-19_B0BRCW79VK,0
2024-07-19_B0BRCW2B64,0
2024-07-19_B0BNL7TJRT,0
2024-07-19_B0BNL6H152,0
2024-07-19_B0BRCXCXCV,0
2024-07-19_B0BNL5CJ8G,0
2024-07-19_B0BNL4Y2J9,0
2024-07-19_B0BNL4S7GH,0
2024-07-19_B0BNL5HYLR,0
2024-07-19_B0BG2PD396,0
2024-07-19_B0BNL46Y7W,0
2024-07-19_B0BRCXDHBX,0
2024-07-19_B0BNL5JR7V,0
2024-07-19_B0BRCXP7VN,0
2024-07-19_B0CY5QQ49F,0
2024-07-19_B0BRCXJRX6,0
2024-07-19_B0BRCXQMS5,0
2024-07-19_B0BRCXSTKW,0
2024-07-19_B0BRCY8QMH,0
2024-07-19_B0BRCYJ33N,0
2024-07-19_B0BRCYJ4SR,0
2024-07-19_B0BRCYK4JK,0
2024-07-19_B0BRCYQNSW,0
2024-07-19_B0BRCYV77T,0
2024-07-19_B0BRDCBGFD,0
2024-07-19_B0BRDCJWJC,0
2024-07-19_B0BSLTZV4Z,0
2024-07-19_B0BRCXXBG2,0
2024-07-19_B0BSLWJKSX,0
2024-07-19_B0BSLVXHYJ,0
2024-07-19_B0CY5KFQBD,0
2024-07-19_B0CR4C98FS,0
2024-07-19_B0CR4BK4FW,0
2024-07-19_B0CR4BGLK5,0
2024-07-19_B0CR4C5WXS,0
2024-07-19_B0CR49NR3B,0
2024-07-19_B0C9JLKFPZ,0
2024-07-19_B0CR4BG4ZW,0
2024-07-19_B0CFV6V981,0
2024-07-19_B0CR49BQRS,0
2024-07-19_B0CY5LR4VX,0
2024-07-19_B0CR49N6MQ,0
2024-07-20_B09KDLQ2GW,0
2024-07-20_B09KDN7PYR,0
2024-07-20_B09KDPXYG3,0
2024-07-20_B09KDQ2BWY,0
2024-07-20_B0BGDWGRQB,0
2024-07-20_B09KDR64LT,0
2024-07-20_B09KDTHJ6V,0
2024-07-20_B09KDVXTP4,0
2024-07-20_B09KDW1YKQ,0
2024-07-20_B09KDNYCYR,0
2024-07-20_B09KTFXX6L,0
2024-07-20_B09MR3XT5G,0
2024-07-20_B09KDZQJ6P,0
2024-07-20_B09KSYL73R,0
2024-07-20_B09KTF8ZDQ,0
2024-07-20_B09KTJRHC7,0
2024-07-20_B09KTMKDKJ,0
2024-07-20_B09KTMLQ1N,0
2024-07-20_B09MR2FY5D,0
2024-07-20_B09KDXJJ6W,0
2024-07-20_B09MR2MLZH,0
2024-07-20_B09KDYY3SB,0
2024-07-20_B09MR3Y296,0
2024-07-20_B09MR4G722,0
2024-07-20_B09MR4D874,0
2024-07-20_B09MR36MLJ,0
2024-07-20_B09X1JTK49,0
2024-07-20_B09MR4Z3H8,0
2024-07-20_B09MR4Z3H9,0
2024-07-20_B09MR56Q9N,0
2024-07-20_B09MR5Q6HJ,0
2024-07-20_B09MR5WS3Y,0
2024-07-20_B09X1F1L26,0
2024-07-20_B09X1F8C23,0
2024-07-20_B09X1HV1NL,0
2024-07-20_B09KSXP3HN,0
2024-07-20_B0BDRQWBK9,0
2024-07-20_B0B31SVP2Q,0
2024-07-20_B0B31T1XMH,0
2024-07-20_B0B31V3PKG,0
2024-07-20_B0B31VFJ6Q,0
2024-07-20_B0B31Y1FDZ,0
2024-07-20_B0B699PLXD,0
2024-07-20_B0B69B8R3C,0
2024-07-20_B0B69C4GST,0
2024-07-20_B0B69DK8JN,0
2024-07-20_B09MR4B13C,0
2024-07-20_B0B31R1ZBV,0
2024-07-20_B0BG2PD396,0
2024-07-20_B0BRCYJ33N,0
2024-07-20_B0BGDX2Z3L,0
2024-07-20_B0BNL4S6MB,0
2024-07-20_B0BGDXV7FD,0
2024-07-20_B0BRCXQMS5,0
2024-07-20_B0BGDZLDX2,0
2024-07-20_B0BNKY8RQN,0
2024-07-20_B0BNKZ5BR1,0
2024-07-20_B0BNKZ88Z5,0
2024-07-20_B0BNKZBJX2,0
2024-07-20_B0BNL13PNY,0
2024-07-20_B0BNL3RDG4,0
2024-07-20_B0BRCXQRC9,0
2024-07-20_B0BNKZ9BJR,0
2024-07-20_B0BNL4Y2J9,0
2024-07-20_B0BNL5CJ8G,0
2024-07-20_B0BNL5HYLR,0
2024-07-20_B0BNL6H152,0
2024-07-20_B0BRCXP7VN,0
2024-07-20_B0BRCW2B64,0
2024-07-20_B0BRCW79VK,0
2024-07-20_B0BRCXDHBX,0
2024-07-20_B0BRCXJRX6,0
2024-07-20_B0B69G3YRM,0
2024-07-20_B0BRCXCXCV,0
2024-07-20_B0CR49N6MQ,0
2024-07-20_B0BNL2VK7L,0
2024-07-20_B0BGDXM13S,0
2024-07-20_B0BRCY8QMH,0
2024-07-20_B0BRCYJ4SR,0
2024-07-20_B0BRCYK4JK,0
2024-07-20_B0BRCYQNSW,0
2024-07-20_B0BRCYV77T,0
2024-07-20_B0BRDCBGFD,0
2024-07-20_B0BRDCJWJC,0
2024-07-20_B0BSLVXHYJ,0
2024-07-20_B0BSLWJKSX,0
2024-07-20_B0C9JLKFPZ,0
2024-07-20_B0CR49BQRS,0
2024-07-20_B0CFV6V981,0
2024-07-20_B0CY5QQ49F,0
2024-07-20_B0CR49NR3B,0
2024-07-20_B0CR4BG4ZW,0
2024-07-20_B0CR4BGLK5,0
2024-07-20_B0CR4BK4FW,0
2024-07-20_B0CR4C5WXS,0
2024-07-20_B0CR4C98FS,0
2024-07-20_B0CY5KFQBD,0
2024-07-20_B0CY5LR4VX,0
2024-07-20_B0BRCXXBG2,0
2024-07-21_B09KDTHJ6V,0
2024-07-21_B09KDR64LT,0
2024-07-21_B09KDQ2BWY,0
2024-07-21_B09KDPXYG3,0
2024-07-21_B09MR3XT5G,0
2024-07-21_B09KDN7PYR,0
2024-07-21_B0BDRQWBK9,0
2024-07-21_B09KDTS4DC,0
2024-07-21_B09MR3RSW8,0
2024-07-21_B09KDNYCYR,0
2024-07-21_B09KDVXTP4,0
2024-07-21_B09KT5HMNY,0
2024-07-21_B09KDXJJ6W,0
2024-07-21_B09KDYY3SB,0
2024-07-21_B09KDZQJ6P,0
2024-07-21_B09KSXP3HN,0
2024-07-21_B09KTF8ZDQ,0
2024-07-21_B09KTFXX6L,0
2024-07-21_B09KTJRHC7,0
2024-07-21_B09KTMKDKJ,0
2024-07-21_B09KTMLQ1N,0
2024-07-21_B09MR2FY5D,0
2024-07-21_B09KDW1YKQ,0
2024-07-21_B09KSYL73R,0
2024-07-21_B09MR5Q6HJ,0
2024-07-21_B09MR3Y296,0
2024-07-21_B09MR2MLZH,0
2024-07-21_B09X1F8C23,0
2024-07-21_B09X1F1L26,0
2024-07-21_B09MR5WS3Y,0
2024-07-21_B09MR4D874,0
2024-07-21_B09MR56Q9N,0
2024-07-21_B09MR4Z3H9,0
2024-07-21_B09MR4Z3H8,0
2024-07-21_B09MR4G722,0
2024-07-21_B09X1JTK49,0
2024-07-21_B09X1HV1NL,0
2024-07-21_B0B69G3YRM,0
2024-07-21_B0B31R1ZBV,0
2024-07-21_B0B31SM3ZR,0
2024-07-21_B0B31SVP2Q,0
2024-07-21_B0B31T1XMH,0
2024-07-21_B0B31V3PKG,0
2024-07-21_B0B31VFJ6Q,0
2024-07-21_B0B31Y1FDZ,0
2024-07-21_B0B699PLXD,0
2024-07-21_B0B69C4GST,0
2024-07-21_B09KDLQ2GW,0
2024-07-21_B0B69DK8JN,0
2024-07-21_B09MR4B13C,0
2024-07-21_B09MR36MLJ,0
2024-07-21_B0BRCY8QMH,0
2024-07-21_B0B69DD2C7,0
2024-07-21_B0BRCXQMS5,0
2024-07-21_B0BNKZCWFL,0
2024-07-21_B0BG2T78CJ,0
2024-07-21_B0BG2Z8CY4,0
2024-07-21_B0BGDWGRQB,0
2024-07-21_B0BGDX2Z3L,0
2024-07-21_B0BGDXM13S,0
2024-07-21_B0BGDXV7FD,0
2024-07-21_B0BNKYPVM6,0
2024-07-21_B0BNKZ5BR1,0
2024-07-21_B0BNKZBJX2,0
2024-07-21_B0BGDZLDX2,0
2024-07-21_B0BNKZKGFG,0
2024-07-21_B0BRCW79VK,0
2024-07-21_B0BRCXJRX6,0
2024-07-21_B0BNL13PNY,0
2024-07-21_B0BRCXDHBX,0
2024-07-21_B0BRCXCXCV,0
2024-07-21_B0BRCXP7VN,0
2024-07-21_B0BRCW2B64,0
2024-07-21_B0BNL4S7GH,0
2024-07-21_B0BNL4S6MB,0
2024-07-21_B0B69SF1BT,0
2024-07-21_B0CY5QQ49F,0
2024-07-21_B0BRCXXBG2,0
2024-07-21_B0BNKYZD2Z,0
2024-07-21_B0CY5LR4VX,0
2024-07-21_B0BG2PD396,0
2024-07-21_B0BRCXQRC9,0
2024-07-21_B0BNL3RDG4,0
2024-07-21_B0BRCYJ33N,0
2024-07-21_B0BRCYK4JK,0
2024-07-21_B0BRCYQNSW,0
2024-07-21_B0BRCYV77T,0
2024-07-21_B0BRDCBGFD,0
2024-07-21_B0BRDCJWJC,0
2024-07-21_B0BSLVXHYJ,0
2024-07-21_B0BSLWJKSX,0
2024-07-21_B0C9JLKFPZ,0
2024-07-21_B0BDRTZTGX,0
2024-07-21_B0CQVLFPBQ,0
2024-07-21_B0CFV6V981,0
2024-07-21_B0CR4C98FS,0
2024-07-21_B0CR4C5WXS,0
2024-07-21_B0CR4BK4FW,0
2024-07-21_B0CR4BGLK5,0
2024-07-21_B0CY5KFQBD,0
2024-07-21_B0CR49NR3B,0
2024-07-21_B0CR49N6MQ,0
2024-07-21_B0CR49BQRS,0
2024-07-21_B0CR4BG4ZW,0
2024-07-22_B09KDVXTP4,0
2024-07-22_B09KDLQ2GW,0
2024-07-22_B0B69SF1BT,0
2024-07-22_B09KDNYCYR,0
2024-07-22_B09KDPXYG3,0
2024-07-22_B09KDQ2BWY,0
2024-07-22_B09KDR64LT,0
2024-07-22_B09KDXJJ6W,0
2024-07-22_B09KDTHJ6V,0
2024-07-22_B09KDTS4DC,0
2024-07-22_B09KDW1YKQ,0
2024-07-22_B09KSYL73R,0
2024-07-22_B09MR2MLZH,0
2024-07-22_B09KDZQJ6P,0
2024-07-22_B09KSXP3HN,0
2024-07-22_B09KT5HMNY,0
2024-07-22_B09KTF8ZDQ,0
2024-07-22_B09KTFXX6L,0
2024-07-22_B09KTJRHC7,0
2024-07-22_B09KTMKDKJ,0
2024-07-22_B09KTMLQ1N,0
2024-07-22_B09MR36MLJ,0
2024-07-22_B09KDYY3SB,0
2024-07-22_B09KDN7PYR,0
2024-07-22_B09MR4Z3H9,0
2024-07-22_B09MR3RSW8,0
2024-07-22_B09MR2FY5D,0
2024-07-22_B09X1F1L26,0
2024-07-22_B09MR5WS3Y,0
2024-07-22_B09MR5Q6HJ,0
2024-07-22_B09MR56Q9N,0
2024-07-22_B09MR3Y296,0
2024-07-22_B09MR4Z3H8,0
2024-07-22_B09MR4G722,0
2024-07-22_B09MR4D874,0
2024-07-22_B09MR4B13C,0
2024-07-22_B09X1HV1NL,0
2024-07-22_B09X1F8C23,0
2024-07-22_B0B69DD2C7,0
2024-07-22_B09X1JTK49,0
2024-07-22_B0B31R1ZBV,0
2024-07-22_B0B31SM3ZR,0
2024-07-22_B0B31SVP2Q,0
2024-07-22_B0B31T1XMH,0
2024-07-22_B0B31V3PKG,0
2024-07-22_B0B31VFJ6Q,0
2024-07-22_B0B31Y1FDZ,0
2024-07-22_B0B699PLXD,0
2024-07-22_B0B69C4GST,0
2024-07-22_B09MR3XT5G,0
2024-07-22_B0B69G3YRM,0
2024-07-22_B0BRCXQRC9,0
2024-07-22_B0BDRQWBK9,0
2024-07-22_B0BRCXP7VN,0
2024-07-22_B0BG2PD396,0
2024-07-22_B0BG2T78CJ,0
2024-07-22_B0BG2Z8CY4,0
2024-07-22_B0BGDWGRQB,0
2024-07-22_B0BGDX2Z3L,0
2024-07-22_B0BGDXM13S,0
2024-07-22_B0BGDZLDX2,0
2024-07-22_B0BNKYPVM6,0
2024-07-22_B0BNKZ5BR1,0
2024-07-22_B0BNKZBJX2,0
2024-07-22_B0BGDXV7FD,0
2024-07-22_B0BNL13PNY,0
2024-07-22_B0BNL3RDG4,0
2024-07-22_B0BRCXJRX6,0
2024-07-22_B0BNL4S6MB,0
2024-07-22_B0BNL4S7GH,0
2024-07-22_B0BRCW2B64,0
2024-07-22_B0BRCW79VK,0
2024-07-22_B0BRCXCXCV,0
2024-07-22_B0B69DK8JN,0
2024-07-22_B0BNKZKGFG,0
2024-07-22_B0BNKZCWFL,0
2024-07-22_B0BRCXQMS5,0
2024-07-22_B0BRCXDHBX,0
2024-07-22_B0BRCXXBG2,0
2024-07-22_B0CY5QQ49F,0
2024-07-22_B0BRCYJ33N,0
2024-07-22_B0BRCYK4JK,0
2024-07-22_B0BRCYQNSW,0
2024-07-22_B0BRCYV77T,0
2024-07-22_B0BRDCBGFD,0
2024-07-22_B0BRDCJWJC,0
2024-07-22_B0BSLVXHYJ,0
2024-07-22_B0BSLWJKSX,0
2024-07-22_B0C9JLKFPZ,0
2024-07-22_B0CFV6V981,0
2024-07-22_B0BRCY8QMH,0
2024-07-22_B0CR49BQRS,0
2024-07-22_B0CQVLFPBQ,0
2024-07-22_B0CY5LR4VX,0
2024-07-22_B0CY5KFQBD,0
2024-07-22_B0CR4C98FS,0
2024-07-22_B0CR4C5WXS,0
2024-07-22_B0BDRTZTGX,0
2024-07-22_B0CR4BGLK5,0
2024-07-22_B0CR4BG4ZW,0
2024-07-22_B0CR49NR3B,0
2024-07-22_B0CR49N6MQ,0
2024-07-22_B0CR4BK4FW,0
2024-07-23_B09KDVXTP4,0
2024-07-23_B09KDN7PYR,0
2024-07-23_B09KDNYCYR,0
2024-07-23_B09KDPXYG3,0
2024-07-23_B09KDQ2BWY,0
2024-07-23_B09KDR64LT,0
2024-07-23_B09KDTHJ6V,0
2024-07-23_B09KDTS4DC,0
2024-07-23_B0B69DK8JN,0
2024-07-23_B09KSYL73R,0
2024-07-23_B09KDXJJ6W,0
2024-07-23_B09KDYY3SB,0
2024-07-23_B09KDZQJ6P,0
2024-07-23_B09KSXP3HN,0
2024-07-23_B09KTMLQ1N,0
2024-07-23_B09KTF8ZDQ,0
2024-07-23_B09KTFXX6L,0
2024-07-23_B09KTJRHC7,0
2024-07-23_B09KTMKDKJ,0
2024-07-23_B09MR2FY5D,0
2024-07-23_B09KDW1YKQ,0
2024-07-23_B09MR2MLZH,0
2024-07-23_B0B699PLXD,0
2024-07-23_B09MR3RSW8,0
2024-07-23_B09X1F8C23,0
2024-07-23_B09MR3XT5G,0
2024-07-23_B09MR3Y296,0
2024-07-23_B09MR4B13C,0
2024-07-23_B09MR4D874,0
2024-07-23_B09MR4Z3H8,0
2024-07-23_B09MR4Z3H9,0
2024-07-23_B09MR56Q9N,0
2024-07-23_B09MR5Q6HJ,0
2024-07-23_B09MR5WS3Y,0
2024-07-23_B09X1F1L26,0
2024-07-23_B09X1HV1NL,0
2024-07-23_B09X1JTK49,0
2024-07-23_B0B31R1ZBV,0
2024-07-23_B0B31SVP2Q,0
2024-07-23_B0B31T1XMH,0
2024-07-23_B0B31V3PKG,0
2024-07-23_B0B31VFJ6Q,0
2024-07-23_B0B31VTH56,0
2024-07-23_B0B31Y1FDZ,0
2024-07-23_B09MR36MLJ,0
2024-07-23_B09KDLQ2GW,0
2024-07-23_B0B69C4GST,0
2024-07-23_B09KT5HMNY,0
2024-07-23_B0B69SF1BT,0
2024-07-23_B0BNL4CB4X,0
2024-07-23_B0BRCXQMS5,0
2024-07-23_B0BGDWGRQB,0
2024-07-23_B0BGDX2Z3L,0
2024-07-23_B0BGDXV7FD,0
2024-07-23_B0BNKYPVM6,0
2024-07-23_B0BDRQWBK9,0
2024-07-23_B0BNKZBJX2,0
2024-07-23_B0BNKZKGFG,0
2024-07-23_B0BNL13PNY,0
2024-07-23_B0BNL2VK7L,0
2024-07-23_B0BNKZ9BJR,0
2024-07-23_B0BRCXP7VN,0
2024-07-23_B0BNL5BKMK,0
2024-07-23_B0BNL5HYLR,0
2024-07-23_B0BRCW2B64,0
2024-07-23_B0BRCW79VK,0
2024-07-23_B0BRCXCXCV,0
2024-07-23_B0BRCXDHBX,0
2024-07-23_B0BRCXJRX6,0
2024-07-23_B0BNKZ5BR1,0
2024-07-23_B0BRCXQRC9,0
2024-07-23_B0CFV6V981,0
2024-07-23_B0BNL4HPH9,0
2024-07-23_B0CY5QQ49F,0
2024-07-23_B0BRCY8QMH,0
2024-07-23_B0BRCYJ33N,0
2024-07-23_B0BRCYJ4SR,0
2024-07-23_B0BRCYK4JK,0
2024-07-23_B0BRCYQNSW,0
2024-07-23_B0BRCYV77T,0
2024-07-23_B0BRDCBGFD,0
2024-07-23_B0BRDCJWJC,0
2024-07-23_B0BSLTZV4Z,0
2024-07-23_B0BSLVXHYJ,0
2024-07-23_B0BRCXXBG2,0
2024-07-23_B0CR49BQRS,0
2024-07-23_B0CR49N6MQ,0
2024-07-23_B0CR49NR3B,0
2024-07-23_B0CR4BG4ZW,0
2024-07-23_B0CR4BGLK5,0
2024-07-23_B0CR4BK4FW,0
2024-07-23_B0CR4C5WXS,0
2024-07-23_B0CR4C98FS,0
2024-07-23_B0CY5KFQBD,0
2024-07-23_B0CY5LR4VX,0
2024-07-23_B0C9JLKFPZ,0
2024-07-24_B09KDTHJ6V,0
2024-07-24_B09KDR64LT,0
2024-07-24_B09KDQ2BWY,0
2024-07-24_B09KDXJJ6W,0
2024-07-24_B09KDNYCYR,0
2024-07-24_B0BGDWGRQB,0
2024-07-24_B09KDLQ2GW,0
2024-07-24_B09KDPXYG3,0
2024-07-24_B09KDTS4DC,0
2024-07-24_B09KSYL73R,0
2024-07-24_B09KDYY3SB,0
2024-07-24_B09MR2MLZH,0
2024-07-24_B09KDZQJ6P,0
2024-07-24_B09KT5HMNY,0
2024-07-24_B09KTF8ZDQ,0
2024-07-24_B09KTFXX6L,0
2024-07-24_B09KTJRHC7,0
2024-07-24_B09KTMKDKJ,0
2024-07-24_B09MR3RSW8,0
2024-07-24_B09KTMLQ1N,0
2024-07-24_B09KDVXTP4,0
2024-07-24_B09KSXP3HN,0
2024-07-24_B09X1JTK49,0
2024-07-24_B0BDRS6R5Z,0
2024-07-24_B09MR2FY5D,0
2024-07-24_B09MR5WS3Y,0
2024-07-24_B09X1F1L26,0
2024-07-24_B09X1DHRLN,0
2024-07-24_B09MR4G722,0
2024-07-24_B09MR56Q9N,0
2024-07-24_B09MR4Z3H9,0
2024-07-24_B09MR4Z3H8,0
2024-07-24_B09X1HV1NL,0
2024-07-24_B09MR3Y296,0
2024-07-24_B09MR4B13C,0
2024-07-24_B0B31T1XMH,0
2024-07-24_B0B31R1ZBV,0
2024-07-24_B0B31SVP2Q,0
2024-07-24_B0B31VFJ6Q,0
2024-07-24_B0B31Y1FDZ,0
2024-07-24_B0B69DK8JN,0
2024-07-24_B0B69GN5KJ,0
2024-07-24_B0BDRQWBK9,0
2024-07-24_B09MR3XT5G,0
2024-07-24_B09X1F8C23,0
2024-07-24_B09KDN7PYR,0
2024-07-24_B0BGDX2Z3L,0
2024-07-24_B0BRCXCXCV,0
2024-07-24_B0BNL64PBG,0
2024-07-24_B0BGDXV7FD,0
2024-07-24_B0BRCY8QMH,0
2024-07-24_B0BGDZLDX2,0
2024-07-24_B0BNKYW36G,0
2024-07-24_B0BNKZ5BR1,0
2024-07-24_B0BNKZBJX2,0
2024-07-24_B0BNL117VT,0
2024-07-24_B0BNL4HPH9,0
2024-07-24_B0BRCYJ33N,0
2024-07-24_B0BNL5HYLR,0
2024-07-24_B0BRCW2B64,0
2024-07-24_B0BRCXJRX6,0
2024-07-24_B0BRCXQRC9,0
2024-07-24_B0BRCXQMS5,0
2024-07-24_B0BRCXP7VN,0
2024-07-24_B0BRCXXBG2,0
2024-07-24_B0BRCXDHBX,0
2024-07-24_B0BG2PD396,0
2024-07-24_B0BRCW79VK,0
2024-07-24_B0BNL11QD8,0
2024-07-24_B0CQVLFPBQ,0
2024-07-24_B0BNL13PNY,0
2024-07-24_B0BGDXM13S,0
2024-07-24_B0CR49N6MQ,0
2024-07-24_B0BRCYK4JK,0
2024-07-24_B0BRCYQNSW,0
2024-07-24_B0BRCYV77T,0
2024-07-24_B0BRDCBGFD,0
2024-07-24_B0BRDCJWJC,0
2024-07-24_B0BSLTZV4Z,0
2024-07-24_B0C9JLKFPZ,0
2024-07-24_B0CFV6V981,0
2024-07-24_B0CR49BQRS,0
2024-07-24_B0BSLVXHYJ,0
2024-07-24_B0BRCYJ4SR,0
2024-07-24_B0CY5QQ49F,0
2024-07-24_B0CR49NR3B,0
2024-07-24_B0CY5KFQBD,0
2024-07-24_B0CR4C98FS,0
2024-07-24_B0CR4C5WXS,0
2024-07-24_B0CY5LR4VX,0
2024-07-24_B0CR4BGLK5,0
2024-07-24_B0CR4BG4ZW,0
2024-07-24_B0CR4BK4FW,0
2024-07-25_B09KDR64LT,0
2024-07-25_B09KDVXTP4,0
2024-07-25_B0BDRQWBK9,0
2024-07-25_B09KDLQ2GW,0
2024-07-25_B09KDN7PYR,0
2024-07-25_B09KDNYCYR,0
2024-07-25_B09KDPXYG3,0
2024-07-25_B09KDQ2BWY,0
2024-07-25_B09KDTHJ6V,0
2024-07-25_B09KTFXX6L,0
2024-07-25_B09KDW1YKQ,0
2024-07-25_B09KTMLQ1N,0
2024-07-25_B09KDXJJ6W,0
2024-07-25_B09KDZQJ6P,0
2024-07-25_B09KSXP3HN,0
2024-07-25_B09KSYL73R,0
2024-07-25_B09KT5HMNY,0
2024-07-25_B09KTF8ZDQ,0
2024-07-25_B09MR2FY5D,0
2024-07-25_B09KDTS4DC,0
2024-07-25_B09KDYY3SB,0
2024-07-25_B09KTJRHC7,0
2024-07-25_B0B31Y1FDZ,0
2024-07-25_B09MR4Z3H9,0
2024-07-25_B09MR5WS3Y,0
2024-07-25_B09MR56Q9N,0
2024-07-25_B09MR3Y296,0
2024-07-25_B09MR4Z3H8,0
2024-07-25_B09MR4D874,0
2024-07-25_B09MR4B13C,0
2024-07-25_B09X1F1L26,0
2024-07-25_B09MR3XT5G,0
2024-07-25_B09X1DHRLN,0
2024-07-25_B09X1JTK49,0
2024-07-25_B09X1F8C23,0
2024-07-25_B09X1FWK8Z,0
2024-07-25_B09X1HV1NL,0
2024-07-25_B0B31R1ZBV,0
2024-07-25_B0B31SM3ZR,0
2024-07-25_B0B31T1XMH,0
2024-07-25_B0B31VFJ6Q,0
2024-07-25_B09MR2MLZH,0
2024-07-25_B09MR3RSW8,0
2024-07-25_B09KTMKDKJ,0
2024-07-25_B0B31VTH56,0
2024-07-25_B0BRCYK4JK,0
2024-07-25_B0BNL13PNY,0
2024-07-25_B0BRCXQMS5,0
2024-07-25_B0BGDWGRQB,0
2024-07-25_B0BGDX2Z3L,0
2024-07-25_B0BGDXM13S,0
2024-07-25_B0BGDXV7FD,0
2024-07-25_B0BNKYW36G,0
2024-07-25_B0BNKZ5BR1,0
2024-07-25_B0BNL11QD8,0
2024-07-25_B0BRCXQRC9,0
2024-07-25_B0BG2Z8CY4,0
2024-07-25_B0BNL64PBG,0
2024-07-25_B0BRCW2B64,0
2024-07-25_B0BRCW79VK,0
2024-07-25_B0BRCXCXCV,0
2024-07-25_B0BRCXDHBX,0
2024-07-25_B0BRCXJRX6,0
2024-07-25_B0BRCXP7VN,0
2024-07-25_B0BNL5BKMK,0
2024-07-25_B0B69DD2C7,0
2024-07-25_B0BNL4HPH9,0
2024-07-25_B0BG2PD396,0
2024-07-25_B0BNL117VT,0
2024-07-25_B0CY5QQ49F,0
2024-07-25_B0BDRS6R5Z,0
2024-07-25_B0BRCY8QMH,0
2024-07-25_B0BRCXXBG2,0
2024-07-25_B0BRCYJ33N,0
2024-07-25_B0BRCYQNSW,0
2024-07-25_B0BRCYV77T,0
2024-07-25_B0BRDCBGFD,0
2024-07-25_B0C9JLKFPZ,0
2024-07-25_B0CFV6V981,0
2024-07-25_B0CQVLFPBQ,0
2024-07-25_B0BRDCJWJC,0
2024-07-25_B0CR49N6MQ,0
2024-07-25_B0CY5LR4VX,0
2024-07-25_B0CR49BQRS,0
2024-07-25_B0CR4C98FS,0
2024-07-25_B0CR4C5WXS,0
2024-07-25_B0CR4BK4FW,0
2024-07-25_B0CY5KFQBD,0
2024-07-25_B0CR4BG4ZW,0
2024-07-25_B0CR49NR3B,0
2024-07-25_B0CR4BGLK5,0
2024-07-26_B09KDTS4DC,0
2024-07-26_B09KDXJJ6W,0
2024-07-26_B09KDLQ2GW,0
2024-07-26_B09KDNYCYR,0
2024-07-26_B09KDPXYG3,0
2024-07-26_B09KDQ2BWY,0
2024-07-26_B09KDR64LT,0
2024-07-26_B09KDTHJ6V,0
2024-07-26_B09KDVXTP4,0
2024-07-26_B09KTMKDKJ,0
2024-07-26_B0B69FBGN1,0
2024-07-26_B09MR2FY5D,0
2024-07-26_B09KDZQJ6P,0
2024-07-26_B09KSXP3HN,0
2024-07-26_B09KSYL73R,0
2024-07-26_B09KT5HMNY,0
2024-07-26_B09KTF8ZDQ,0
2024-07-26_B09KTFXX6L,0
2024-07-26_B09KTJRHC7,0
2024-07-26_B09MR2MLZH,0
2024-07-26_B09KDW1YKQ,0
2024-07-26_B09KDYY3SB,0
2024-07-26_B09MR3Y296,0
2024-07-26_B09MR3RSW8,0
2024-07-26_B09KTMLQ1N,0
2024-07-26_B09X1F8C23,0
2024-07-26_B09MR4B13C,0
2024-07-26_B09MR4D874,0
2024-07-26_B09MR4G722,0
2024-07-26_B09MR4Z3H8,0
2024-07-26_B09MR4Z3H9,0
2024-07-26_B09MR56Q9N,0
2024-07-26_B09MR5WS3Y,0
2024-07-26_B09MR3XT5G,0
2024-07-26_B09X1DHRLN,0
2024-07-26_B0B31T1XMH,0
2024-07-26_B09X1HV1NL,0
2024-07-26_B09X1JTK49,0
2024-07-26_B0B31R1ZBV,0
2024-07-26_B0B31SM3ZR,0
2024-07-26_B0B31VFJ6Q,0
2024-07-26_B0B31VTH56,0
2024-07-26_B0B31Y1FDZ,0
2024-07-26_B0B69C4GST,0
2024-07-26_B09X1F1L26,0
2024-07-26_B0B69DK8JN,0
2024-07-26_B0B699PLXD,0
2024-07-26_B0B69SF1BT,0
2024-07-26_B0BRCXP7VN,0
2024-07-26_B0BG2PD396,0
2024-07-26_B0BG2T78CJ,0
2024-07-26_B0BGDWGRQB,0
2024-07-26_B0BGDX2Z3L,0
2024-07-26_B0BGDXM13S,0
2024-07-26_B0BGDXV7FD,0
2024-07-26_B0BNKYZD2Z,0
2024-07-26_B0BNKZ5BR1,0
2024-07-26_B0BNL11QD8,0
2024-07-26_B0BRCYJ33N,0
2024-07-26_B0BNL3J36Z,0
2024-07-26_B0BNL4CB4X,0
2024-07-26_B0BNL5BKMK,0
2024-07-26_B0BRCW2B64,0
2024-07-26_B0BRCW79VK,0
2024-07-26_B0BRCXCXCV,0
2024-07-26_B0BRCXDHBX,0
2024-07-26_B0BRCXJRX6,0
2024-07-26_B0BNL424DV,0
2024-07-26_B0BDRS6R5Z,0
2024-07-26_B0BRCXQMS5,0
2024-07-26_B0BNKZ88Z5,0
2024-07-26_B0BRCXXBG2,0
2024-07-26_B0CY5QQ49F,0
2024-07-26_B0CR49BQRS,0
2024-07-26_B0BRCY8QMH,0
2024-07-26_B0BRCYJ4SR,0
2024-07-26_B0BRCYK4JK,0
2024-07-26_B0BRCYQNSW,0
2024-07-26_B0BRDCBGFD,0
2024-07-26_B0BRDCJWJC,0
2024-07-26_B0C9JLKFPZ,0
2024-07-26_B0CFV6V981,0
2024-07-26_B0BRCYV77T,0
2024-07-26_B0BRCXQRC9,0
2024-07-26_B0CR49NR3B,0
2024-07-26_B0CR4BG4ZW,0
2024-07-26_B0CR4BGLK5,0
2024-07-26_B0CR4BK4FW,0
2024-07-26_B0CR4C5WXS,0
2024-07-26_B0CR4C98FS,0
2024-07-26_B0CY5KFQBD,0
2024-07-26_B0CY5LR4VX,0
2024-07-26_B0CR49N6MQ,0
2024-07-26_B0BDRQWBK9,0
2024-07-27_B09KTMLQ1N,0
2024-07-27_B09KTMKDKJ,0
2024-07-27_B09KTJRHC7,0
2024-07-27_B09KTFXX6L,0
2024-07-27_B09KDPXYG3,0
2024-07-27_B09KSXP3HN,0
2024-07-27_B09KDZQJ6P,0
2024-07-27_B09KDYY3SB,0
2024-07-27_B09MR2FY5D,0
2024-07-27_B09KSYL73R,0
2024-07-27_B09KDLQ2GW,0
2024-07-27_B0BNKYZD2Z,0
2024-07-27_B09MR4Z3H8,0
2024-07-27_B09MR56Q9N,0
2024-07-27_B09X1F1L26,0
2024-07-27_B09X1F8C23,0
2024-07-27_B09X1HV1NL,0
2024-07-27_B0B31VFJ6Q,0
2024-07-27_B0BG2PD396,0
2024-07-27_B0BGDX2Z3L,0
2024-07-27_B0BGDXV7FD,0
2024-07-27_B09MR3XT5G,0
2024-07-27_B09MR4B13C,0
2024-07-27_B0BNKZ88Z5,0
2024-07-27_B0BNL3J36Z,0
2024-07-27_B0BNL5BKMK,0
2024-07-27_B0BRCW2B64,0
2024-07-27_B0BRCYK4JK,0
2024-07-27_B0BRCYJ33N,0
2024-07-27_B0BRCXQRC9,0
2024-07-27_B0BRCW79VK,0
2024-07-27_B0BRCXJRX6,0
2024-07-27_B0BRCXDHBX,0
2024-07-27_B0BRCXCXCV,0
2024-07-27_B0BRCYV77T,0
2024-07-27_B0BRCXQMS5,0
2024-07-27_B0C9JLKFPZ,0
2024-07-27_B0BRCYQNSW,0
2024-07-27_B0CR49BQRS,0
2024-07-27_B0CR49N6MQ,0
2024-07-27_B0CR49NR3B,0
2024-07-27_B0CR4BG4ZW,0
2024-07-27_B0CR4BGLK5,0
2024-07-27_B0CR4BK4FW,0
2024-07-27_B0CR4C5WXS,0
2024-07-27_B0CR4C98FS,0
2024-07-27_B0CY5KFQBD,0
2024-07-27_B0CY5QQ49F,0
2024-07-27_B0CFV6V981,0
2024-07-27_B0CY5LR4VX,0
2024-07-28_B0BNL3J36Z,0
2024-07-28_B09MR2FY5D,0
2024-07-28_B09KTMLQ1N,0
2024-07-28_B09KDYY3SB,0
2024-07-28_B09KTFXX6L,0
2024-07-28_B09KSYL73R,0
2024-07-28_B09KSXP3HN,0
2024-07-28_B09KDZQJ6P,0
2024-07-28_B09KTJRHC7,0
2024-07-28_B09MR3XT5G,0
2024-07-28_B0B31VFJ6Q,0
2024-07-28_B09X1F1L26,0
2024-07-28_B09X1F8C23,0
2024-07-28_B09X1HV1NL,0
2024-07-28_B0B31Y1FDZ,0
2024-07-28_B0BG2PD396,0
2024-07-28_B0BGDX2Z3L,0
2024-07-28_B0BGDXV7FD,0
2024-07-28_B0BNKYZD2Z,0
2024-07-28_B09MR4B13C,0
2024-07-28_B09KDPXYG3,0
2024-07-28_B09MR56Q9N,0
2024-07-28_B09KDLQ2GW,0
2024-07-28_B0CR49N6MQ,0
2024-07-28_B09MR4Z3H8,0
2024-07-28_B0BRCYV77T,0
2024-07-28_B0BRCYK4JK,0
2024-07-28_B0BRCYJ33N,0
2024-07-28_B0BRCW79VK,0
2024-07-28_B0BRCXQMS5,0
2024-07-28_B0BRCXJRX6,0
2024-07-28_B0BRCXDHBX,0
2024-07-28_B0BRCXCXCV,0
2024-07-28_B0BRCXQRC9,0
2024-07-28_B0C9JLKFPZ,0
2024-07-28_B0BNKZ88Z5,0
2024-07-28_B0CR4BG4ZW,0
2024-07-28_B0CR49NR3B,0
2024-07-28_B0CR4BGLK5,0
2024-07-28_B0CR4BK4FW,0
2024-07-28_B0CR4C5WXS,0
2024-07-28_B0CR4C98FS,0
2024-07-28_B0CY5KFQBD,0
2024-07-28_B0CY5LR4VX,0
2024-07-28_B0BRCW2B64,0
2024-07-28_B0CFV6V981,0
2024-07-28_B0BNL5BKMK,0
2024-07-28_B0CR49BQRS,0
2024-07-28_B0CY5QQ49F,0
